day,window_id,label_attack_now,risk_score,predicted_alert
friday_morning,11,0,0.005682462193416359,0
friday_morning,12,0,0.009424572185666778,0
friday_morning,13,0,0.0032253866371237654,0
friday_morning,14,0,0.0037371397211051097,0
friday_morning,15,0,0.009580129765701589,0
friday_morning,16,0,0.006104314698217195,0
friday_morning,17,0,0.0018917477061813615,0
friday_morning,18,0,0.004805560627488498,0
friday_morning,19,0,0.001218631299765785,0
friday_morning,20,0,0.0014116559275476532,0
friday_morning,21,0,0.0016996326386023392,0
friday_morning,22,0,0.0010379445260858223,0
friday_morning,23,0,0.00519933711179532,0
friday_morning,24,0,0.01130229097830033,0
friday_morning,25,0,0.001439184117892695,0
friday_morning,26,0,0.0008737928507722659,0
friday_morning,27,0,0.0005386598905353729,0
friday_morning,28,0,0.0005333846080939353,0
friday_morning,29,0,0.00011492354368645054,0
friday_morning,30,0,0.0005426775948419162,0
friday_morning,31,0,0.0013843836746810466,0
friday_morning,32,0,0.0009489402399677978,0
friday_morning,33,0,0.0008821036401803962,0
friday_morning,34,0,0.0003815913953677443,0
friday_morning,35,0,0.006775788030397884,0
friday_morning,36,0,0.014031347367673341,0
friday_morning,37,0,0.011353159055818133,0
friday_morning,38,0,0.0009899246639693297,0
friday_morning,39,0,0.0003068412359164956,0
friday_morning,40,0,0.0003430138886280164,0
friday_morning,41,0,0.00046161991328914074,0
friday_morning,42,0,0.001377739165507958,0
friday_morning,43,0,0.0006000090514645124,0
friday_morning,44,0,0.0004370081314885525,0
friday_morning,45,0,0.0008898478734401152,0
friday_morning,46,0,0.0009145616109018049,0
friday_morning,47,0,0.004924567586540977,0
friday_morning,48,0,0.0008251069771995274,0
friday_morning,49,0,0.0014319484536972965,0
friday_morning,50,0,0.0007829594259307409,0
friday_morning,51,0,0.007221745864302612,0
friday_morning,52,0,0.019697662529395043,0
friday_morning,53,0,0.057526251377743226,0
friday_morning,54,0,0.7627979551380049,1
friday_morning,55,0,0.6451111421200381,1
friday_morning,56,0,0.7240878125854541,1
friday_morning,57,0,0.9190421265636012,1
friday_morning,58,0,0.014921749300687253,0
friday_morning,59,0,0.08098168152247322,0
friday_morning,60,0,0.12426062673221097,0
friday_morning,61,0,0.031214788772596522,0
friday_morning,62,0,0.08627918163027595,0
friday_morning,63,0,0.05486445781740859,0
friday_morning,64,0,0.01621317783760177,0
friday_morning,65,0,0.05554785049017819,0
friday_morning,66,0,0.0239197793368416,0
friday_morning,67,0,0.017603882708099015,0
friday_morning,68,0,0.0019117246084617463,0
friday_morning,69,0,0.0010206350652573384,0
friday_morning,70,0,0.0006244302554753934,0
friday_morning,71,0,0.0015032327160079196,0
friday_morning,72,0,0.0012891342535462638,0
friday_morning,73,0,0.0005648452843371232,0
friday_morning,74,0,0.00021200995459827278,0
friday_morning,75,0,0.0002724278957505871,0
friday_morning,76,0,0.00028928081475164565,0
friday_morning,77,0,0.0007807304930274155,0
friday_morning,78,0,0.002631840352651301,0
friday_morning,79,0,0.00031826681308953374,0
friday_morning,80,0,0.00014438468814566475,0
friday_morning,81,0,7.604736861611608e-05,0
friday_morning,82,0,0.0003577178007506938,0
friday_morning,83,0,0.00020141677977143592,0
friday_morning,84,0,0.0005241354641790691,0
friday_morning,85,0,0.0008986290992770345,0
friday_morning,86,0,0.0009047114509099223,0
friday_morning,87,0,0.0007495418903176369,0
friday_morning,88,0,0.0016574174310391128,0
friday_morning,89,0,0.01654413344193058,0
friday_morning,90,0,0.0028516838081424517,0
friday_morning,91,0,0.002922326925861098,0
friday_morning,92,0,0.0006278754789987971,0
friday_morning,93,0,0.0002673693252418858,0
friday_morning,94,0,0.0003009142918004302,0
friday_morning,95,0,0.00030239195448460897,0
friday_morning,96,0,0.0018995571996035536,0
friday_morning,97,0,0.0006357735244461126,0
friday_morning,98,0,0.0005881985361732029,0
friday_morning,99,0,0.0020736742337009897,0
friday_morning,100,0,0.01959385627467409,0
friday_morning,101,0,0.015541439066715818,0
friday_morning,102,0,0.11703201092857557,0
friday_morning,103,0,0.08618620843129463,0
friday_morning,104,0,0.9973898692266878,1
friday_morning,105,0,0.999142030526814,1
friday_morning,106,0,0.9997207037437696,1
friday_morning,107,0,0.9999279035644869,1
friday_morning,108,0,0.9999604944930282,1
friday_morning,109,0,0.9999763808972052,1
friday_morning,110,0,0.9993918171639722,1
friday_morning,111,0,0.9997430997209702,1
friday_morning,112,0,0.03780807843148275,0
friday_morning,113,1,0.012251318359308455,0
friday_morning,114,0,0.006874014764697459,0
friday_morning,115,0,0.007217101956976144,0
friday_morning,116,0,0.025987348700900397,0
friday_morning,117,0,0.028642259653606558,0
friday_morning,118,1,0.0320788010546184,0
friday_morning,119,0,0.009330177243322444,0
friday_morning,120,0,0.07489628562312046,0
friday_morning,121,0,0.011924251895657004,0
friday_morning,122,0,0.0012011240736113328,0
friday_morning,123,0,0.0005728335531309573,0
friday_morning,124,1,0.0007078629327204689,0
friday_morning,125,0,0.00012278782712876,0
friday_morning,126,1,0.0003317828016235718,0
friday_morning,127,1,0.006741885768717977,0
friday_morning,128,1,0.00017958154949879315,0
friday_morning,129,0,0.0004304375770010441,0
friday_morning,130,0,0.00043732875825618474,0
friday_morning,131,0,0.0013783524937077305,0
friday_morning,132,0,0.0009808404039519175,0
friday_morning,133,0,0.00022812732027419557,0
friday_morning,134,0,0.0002908900658018908,0
friday_morning,135,0,0.0015432012741881875,0
friday_morning,136,0,0.0002660933142433257,0
friday_morning,137,0,4.5706488084535434e-05,0
friday_morning,138,0,0.0006452850409590181,0
friday_morning,139,0,0.016097538930210292,0
friday_morning,140,0,0.0001325775576164517,0
friday_morning,141,0,1.8418559647714207e-05,0
friday_morning,142,0,0.00010679784124143169,0
friday_morning,143,0,4.073027856296238e-05,0
friday_morning,144,0,3.561931236374154e-05,0
friday_morning,145,0,1.735290687177532e-05,0
friday_morning,146,0,3.181752477764029e-05,0
friday_morning,147,0,7.833792221517479e-06,0
friday_morning,148,0,1.0100638838521713e-05,0
friday_morning,149,0,0.00019442092928591653,0
friday_morning,150,0,8.942267899116192e-06,0
friday_morning,151,0,1.3795082221571395e-05,0
friday_morning,152,0,2.293461785037826e-05,0
friday_morning,153,0,5.5357557149181634e-05,0
friday_morning,154,0,8.685435713250383e-05,0
friday_morning,155,0,7.862208507236885e-05,0
friday_morning,156,0,0.00011061830300513366,0
friday_morning,157,0,0.0002640267849987678,0
friday_morning,158,0,0.00024084267501557437,0
friday_morning,159,0,0.00010569525414382774,0
friday_morning,160,0,4.873340471851843e-05,0
friday_morning,161,0,0.0014506669845701966,0
friday_morning,162,0,0.00015495388054150307,0
friday_morning,163,1,0.00015863396401815145,0
friday_morning,164,1,0.00020313789931565552,0
friday_morning,165,0,0.00026984814734846887,0
friday_morning,166,0,0.000269336025647524,0
friday_morning,167,0,0.00011325865328241348,0
friday_morning,168,1,0.0004599767624883507,0
friday_morning,169,0,0.00016872734586197429,0
friday_morning,170,0,0.00016177328229721098,0
friday_morning,171,1,0.00013155620611728146,0
friday_morning,172,0,0.0007629796149789942,0
friday_morning,173,0,0.00020446886884813728,0
friday_morning,174,1,4.449896102749656e-05,0
friday_morning,175,1,0.0004371005253655116,0
friday_morning,176,1,0.0040471985863824765,0
friday_morning,177,0,0.0001660856512971521,0
friday_morning,178,0,0.000141604824084535,0
friday_morning,179,1,0.00038778455226544953,0
friday_morning,180,1,0.0035199170468438543,0
friday_morning,181,0,0.0009162198560949053,0
friday_morning,182,1,9.561340445374761e-05,0
friday_morning,183,1,0.0008904164435680012,0
friday_morning,184,1,0.0020278346119886872,0
friday_morning,185,0,0.00046356749246736714,0
friday_morning,186,0,0.00018830012295632258,0
friday_morning,187,1,0.0002516139042782725,0
friday_morning,188,1,0.00041877438657408385,0
friday_morning,189,1,0.0006585557401056662,0
friday_morning,190,1,0.00019881774774657265,0
friday_morning,191,0,0.00010913946375383842,0
friday_morning,192,1,0.0014237400865458457,0
friday_morning,193,1,0.0004828484326296052,0
friday_morning,194,1,0.0007684132616401862,0
friday_morning,195,1,0.006958295426700578,0
friday_morning,196,0,0.0020722905409530125,0
friday_morning,197,1,0.006944704139694443,0
friday_morning,198,1,0.0005539374751191468,0
friday_morning,199,0,0.000699730583595355,0
friday_morning,200,1,0.00048320719276946563,0
friday_morning,201,1,0.000465201837261082,0
friday_morning,202,0,0.02799360212306717,0
friday_morning,203,0,0.966974917664408,1
friday_morning,204,0,0.010532577966694419,0
friday_morning,205,0,0.006615509647149493,0
friday_morning,206,1,0.005064214896528803,0
friday_morning,207,1,0.005044092486524214,0
friday_morning,208,1,0.0016723067880886691,0
friday_morning,209,0,0.001355211079508648,0
friday_morning,210,1,0.0005408419796985986,0
friday_morning,211,1,0.0003436377346191389,0
friday_morning,212,1,0.0005024569158148441,0
friday_morning,213,1,0.0013340783395606281,0
friday_morning,214,1,0.0006184877825847703,0
friday_morning,215,1,0.0016372882712437666,0
friday_morning,216,1,0.0069088082573410614,0
friday_morning,217,0,0.01000239949088687,0
friday_morning,218,1,0.017700642820704264,0
friday_morning,219,1,0.0033769931260466055,0
friday_morning,220,0,0.0005252542610594652,0
friday_morning,221,1,0.004564722411665174,0
friday_morning,222,1,0.039118018932674026,0
friday_morning,223,1,0.01792061272231073,0
friday_morning,224,1,0.5155158073637258,1
friday_morning,225,1,0.14812623881245543,0
friday_morning,226,1,0.3166239584559938,0
friday_morning,227,1,0.07651558520108694,0
friday_morning,228,1,0.05353040011624087,0
friday_morning,229,1,0.14959498071864755,0
friday_morning,230,1,0.5477563964736549,1
friday_morning,231,0,0.9746337450557726,1
friday_morning,232,0,0.9888957562741929,1
friday_morning,233,0,0.9844495303092642,1
friday_morning,234,1,0.11050004033826194,0
friday_morning,235,0,0.08802941632494797,0
friday_morning,236,0,0.0068124937998658925,0
friday_morning,237,1,0.001205430190361917,0
friday_morning,238,0,0.0012506197082085971,0
friday_morning,239,0,0.0022809326184023457,0
friday_morning,240,1,0.07711179791747753,0
friday_morning,241,1,0.06118478957864285,0
friday_morning,242,1,0.05178972308912003,0
friday_morning,243,0,0.011155431826739193,0
friday_morning,244,0,0.0057732484107799265,0
friday_morning,245,1,0.00315732035751773,0
friday_morning,246,0,0.0019730174923325875,0
friday_morning,247,0,0.000972662326062238,0
friday_morning,248,0,0.0011493300228323053,0
friday_morning,249,1,0.0027479150174905204,0
friday_morning,250,0,0.0019819419630359744,0
friday_morning,251,1,0.000320567748079981,0
friday_morning,252,0,0.00011447087313738525,0
friday_morning,253,0,0.00011487464694583887,0
friday_morning,254,0,0.00048386274500089875,0
friday_morning,255,0,0.00025611908526306263,0
friday_morning,256,0,0.00016812530386276064,0
friday_morning,257,0,0.00014345212600525923,0
friday_morning,258,0,0.00027773057666348775,0
friday_morning,259,1,0.0003194396887380796,0
friday_morning,260,0,0.0019446110909632289,0
friday_morning,261,1,0.000875118342427493,0
friday_morning,262,0,0.003063369815828713,0
friday_morning,263,1,0.013857503186002247,0
friday_morning,264,0,0.0746551710568858,0
friday_morning,265,1,0.37966559698020286,0
friday_morning,266,0,0.295868640631425,0
friday_morning,267,0,0.8714100972869746,1
friday_morning,268,1,0.9825459547022058,1
friday_morning,269,0,0.6325783259264228,1
friday_morning,270,1,0.035196248888572715,0
friday_morning,271,0,0.048776298805231454,0
friday_morning,272,0,0.010387052578176048,0
friday_morning,273,0,0.0028137632209178877,0
friday_morning,274,0,0.0029463889768393922,0
friday_morning,275,0,0.002785660535812469,0
friday_morning,276,1,0.004575229365087714,0
friday_morning,277,0,0.0021593897018057366,0
friday_morning,278,0,0.010125374872137846,0
friday_morning,279,0,0.018498597180722977,0
friday_morning,280,0,0.011739268447042192,0
friday_morning,281,0,0.046503801967279663,0
friday_morning,282,0,0.15904135005013884,0
friday_morning,283,1,0.20504674871340392,0
friday_morning,284,0,0.06580965474907155,0
friday_morning,285,0,0.35175503581643414,0
friday_morning,286,0,0.8233205828435517,1
friday_morning,287,0,0.7344885785332865,1
friday_morning,288,0,0.04157202836319446,0
friday_morning,289,0,0.025522124983939107,0
friday_morning,290,0,0.0003697357388202711,0
friday_morning,291,0,0.000594742252970669,0
friday_morning,292,0,0.004248731229789017,0
friday_morning,293,0,0.020160748649479088,0
friday_morning,294,0,0.006904033656861376,0
friday_morning,295,0,0.0016484611842538545,0
friday_morning,296,1,0.0007800056801239868,0
friday_morning,297,0,0.0003759826125452533,0
friday_morning,298,0,0.0008027407940023233,0
friday_morning,299,1,0.00035683964221120226,0
friday_morning,300,0,0.0008847534277273787,0
friday_morning,301,0,0.0007991926805503603,0
friday_morning,302,0,0.0002748940171881972,0
friday_morning,303,0,0.00031581884181322047,0
friday_morning,304,1,0.0006968996144528953,0
friday_morning,305,0,0.0004109446540634843,0
friday_morning,306,0,0.0002046537839968269,0
friday_morning,307,0,0.0006939730474969596,0
friday_morning,308,1,0.004090481036904426,0
friday_morning,309,0,0.0012149044829008406,0
friday_morning,310,0,0.0012682606794801078,0
friday_morning,311,0,0.004797336493508448,0
friday_morning,312,0,0.004456559688845744,0
friday_morning,313,1,0.002778070819872105,0
friday_morning,314,0,0.13836650967662317,0
friday_morning,315,1,0.653101111933329,1
friday_morning,316,0,0.8579718557025419,1
friday_morning,317,0,0.9880987968371708,1
friday_morning,318,0,0.9820239410742915,1
friday_morning,319,0,0.9178658012203796,1
friday_morning,320,1,0.09411709343775496,0
friday_morning,321,0,0.12021463954087906,0
friday_morning,322,0,0.0810638804239147,0
friday_morning,323,0,0.04936246913883717,0
friday_morning,324,1,0.022963686994921646,0
friday_morning,325,0,0.005055041319216648,0
friday_morning,326,0,0.004701115773338096,0
friday_morning,327,0,0.0027914011261635572,0
friday_morning,328,0,0.001977706107163994,0
friday_morning,329,0,0.0018869907810044708,0
friday_morning,330,0,0.0004509046795189003,0
friday_morning,331,0,0.00022600507191220616,0
friday_morning,332,0,0.0003566093036974543,0
friday_morning,333,0,0.009289381367678758,0
friday_morning,334,0,0.0030801150492908848,0
friday_morning,335,0,0.0031925647782000276,0
friday_morning,336,0,0.0005688700887840261,0
friday_morning,337,0,0.0004962108243913767,0
friday_morning,338,0,0.000459132063256818,0
friday_morning,339,0,0.00031903857256217747,0
friday_morning,340,0,0.0005946280726569721,0
friday_morning,341,0,0.0008381530442180566,0
friday_morning,342,0,0.0012777177303659921,0
friday_morning,343,0,0.00220197621429278,0
friday_morning,344,0,0.0008250772251462509,0
friday_morning,345,0,0.0035654572944716365,0
friday_morning,346,1,0.002174279362699607,0
friday_morning,347,0,0.0016334160318910425,0
friday_morning,348,0,0.000552928600416942,0
friday_morning,349,0,0.0001675703062995722,0
friday_morning,350,0,0.0004934440556509819,0
friday_morning,351,0,0.0005872959092722582,0
friday_morning,352,1,0.00029624351746979235,0
friday_morning,353,0,0.00040055253066348254,0
friday_morning,354,0,0.00023546109196868252,0
friday_morning,355,0,0.0005622059608844446,0
friday_morning,356,0,0.0003128170600576211,0
friday_morning,357,0,0.0004462600314883702,0
friday_morning,358,1,0.002493060961057494,0
friday_morning,359,1,0.00013328403939090884,0
friday_morning,360,1,9.976808422572286e-05,0
friday_morning,361,0,0.00023236152195423552,0
friday_morning,362,0,0.0001052304356010428,0
friday_morning,363,0,0.0001132854283898559,0
friday_morning,364,0,0.00015392218097820038,0
friday_morning,365,0,0.00014298125579080133,0
friday_morning,366,0,0.0002640027589278972,0
friday_morning,367,0,0.00027360006404631153,0
friday_morning,368,0,0.0006534068803079368,0
friday_morning,369,1,0.0006737491309756563,0
friday_morning,370,1,0.0001893310479047644,0
friday_morning,371,0,7.44794505611022e-05,0
friday_morning,372,1,9.513895753465154e-05,0
friday_morning,373,1,1.9178367573109237e-05,0
friday_morning,374,1,3.9786717060620437e-05,0
friday_morning,375,1,3.0139430618115222e-05,0
friday_morning,376,1,2.0661463943170544e-05,0
friday_morning,377,1,1.365967563842346e-05,0
friday_morning,378,1,7.352840463599967e-05,0
friday_morning,379,1,7.23019112261763e-05,0
friday_morning,380,1,1.8463863208485332e-05,0
friday_portscan,11,0,0.011713457567503192,0
friday_portscan,12,0,0.0023590957404680045,0
friday_portscan,13,0,0.0009429754560504966,0
friday_portscan,14,0,0.0005714493875118499,0
friday_portscan,15,0,0.0015856617102708403,0
friday_portscan,16,0,0.005041412082330835,0
friday_portscan,17,0,0.0012006372236957785,0
friday_portscan,18,0,0.00024917451342814945,0
friday_portscan,19,0,0.001539693471002398,0
friday_portscan,20,0,0.0006494475643554217,0
friday_portscan,21,0,0.0004516188032419232,0
friday_portscan,22,0,0.0009047987152299708,0
friday_portscan,23,0,0.0003751704377137586,0
friday_portscan,24,0,0.0006070817835706493,0
friday_portscan,25,0,0.0022496948455552283,0
friday_portscan,26,0,0.0006730421325328107,0
friday_portscan,27,0,0.0007120120562372733,0
friday_portscan,28,0,0.0032824885147803226,0
friday_portscan,29,0,0.0003319205882749327,0
friday_portscan,30,0,0.00014658259184085446,0
friday_portscan,31,0,0.00025510850610455945,0
friday_portscan,32,0,0.0007385066688011392,0
friday_portscan,33,0,0.0010358081288546598,0
friday_portscan,34,0,0.0005769426927256723,0
friday_portscan,35,0,0.0004942677401611181,0
friday_portscan,36,0,0.000352106352348031,0
friday_portscan,37,0,0.00023840106824149073,0
friday_portscan,38,0,0.00022775554451055137,0
friday_portscan,39,0,0.00034790256369653403,0
friday_portscan,40,0,0.0164827921740466,0
friday_portscan,41,0,0.3177600857499628,0
friday_portscan,42,0,0.9967261330179567,1
friday_portscan,43,0,0.9999866611412459,1
friday_portscan,44,0,0.9999795643428675,1
friday_portscan,45,0,0.04922738505886781,0
friday_portscan,46,0,0.0774436074374647,0
friday_portscan,47,0,0.07722500169248005,0
friday_portscan,48,0,0.019012696952820807,0
friday_portscan,49,0,0.9996938349698598,1
friday_portscan,50,0,0.9975966011940096,1
friday_portscan,51,0,0.9911270269452063,1
friday_portscan,52,0,0.002618459834576161,0
friday_portscan,53,0,0.018406124443421667,0
friday_portscan,54,0,0.030114611663053265,0
friday_portscan,55,0,0.42694232216236133,0
friday_portscan,56,0,0.004526509071769779,0
friday_portscan,57,0,0.01097272969821363,0
friday_portscan,58,0,0.026413472439412188,0
friday_portscan,59,0,0.0058936815848964,0
friday_portscan,60,0,0.005344755970781781,0
friday_portscan,61,0,0.001895158648616077,0
friday_portscan,62,0,0.00016258792119866808,0
friday_portscan,63,0,6.823937530165566e-05,0
friday_portscan,64,0,5.858781822910896e-05,0
friday_portscan,65,0,5.632613662684062e-05,0
friday_portscan,66,0,8.50104953288446e-05,0
friday_portscan,67,0,6.182297804015579e-05,0
friday_portscan,68,0,9.196196600911438e-05,0
friday_portscan,69,0,6.84874159844672e-05,0
friday_portscan,70,0,0.00035758657682150404,0
friday_portscan,71,0,0.0016779646026106787,0
friday_portscan,72,0,0.0003949394632456546,0
friday_portscan,73,0,0.00019421707109956344,0
friday_portscan,74,0,0.00046580213946733305,0
friday_portscan,75,0,0.0024960917379072485,0
friday_portscan,76,0,0.002094209880938947,0
friday_portscan,77,1,0.002331606565833358,0
friday_portscan,78,1,0.007778952526236646,0
friday_portscan,79,1,0.016162381124356737,0
friday_portscan,80,1,0.012356069216440037,0
friday_portscan,81,1,0.009752316883464665,0
friday_portscan,82,0,0.002033326630237017,0
friday_portscan,83,1,0.05255506534320093,0
friday_portscan,84,0,0.10980657194106926,0
friday_portscan,85,1,0.00168834986121583,0
friday_portscan,86,1,0.0015626115371469244,0
friday_portscan,87,0,0.006516143293160947,0
friday_portscan,88,0,0.0012418659069098254,0
friday_portscan,89,0,0.0010124314929373438,0
friday_portscan,90,0,0.0003515478737280976,0
friday_portscan,91,0,0.00044091031034599026,0
friday_portscan,92,0,0.000357767020320465,0
friday_portscan,93,0,0.0003860570138746501,0
friday_portscan,94,0,0.0003043620162941138,0
friday_portscan,95,0,0.0003997738464750916,0
friday_portscan,96,0,0.00022435532063992412,0
friday_portscan,97,0,0.00011765100426677656,0
friday_portscan,98,0,0.0002367732576285891,0
friday_portscan,99,0,0.00023569829634777432,0
friday_portscan,100,0,0.0004435315677116012,0
friday_portscan,101,0,0.001496652453772595,0
friday_portscan,102,0,0.0004828718418982358,0
friday_portscan,103,0,0.00033587313189647436,0
friday_portscan,104,0,0.0008357331551392211,0
friday_portscan,105,0,0.0020722092852276893,0
friday_portscan,106,0,0.01350576717403472,0
friday_portscan,107,0,0.004348503179862307,0
friday_portscan,108,0,0.004150212866038357,0
friday_portscan,109,0,0.002204514917812229,0
friday_portscan,110,1,0.006724366728214194,0
friday_portscan,111,1,0.0018348418379870767,0
friday_portscan,112,1,0.005209943126148645,0
friday_portscan,113,1,0.011017773336179043,0
friday_portscan,114,1,0.04068756985861923,0
friday_portscan,115,0,0.0010834507316544956,0
friday_portscan,116,0,0.007499912862808029,0
friday_portscan,117,0,0.0013616702670339951,0
friday_portscan,118,0,0.012909109096314547,0
friday_portscan,119,0,0.03539323447663748,0
friday_portscan,120,0,0.023078880068057313,0
friday_portscan,121,0,0.01217825461899325,0
friday_portscan,122,0,0.031858888982682035,0
friday_portscan,123,0,0.21637501452474026,0
friday_portscan,124,0,0.14331644680330582,0
friday_portscan,125,0,0.17415743526061325,0
friday_portscan,126,0,0.5178613350518975,1
friday_portscan,127,0,0.8626372004199266,1
friday_portscan,128,0,0.8459987747054657,1
friday_portscan,129,0,0.9755239181557911,1
friday_portscan,130,0,0.9488332791134162,1
friday_portscan,131,0,0.8274081500816113,1
friday_portscan,132,0,0.898000588261082,1
friday_portscan,133,0,0.8031972669270706,1
friday_portscan,134,0,0.032156451914805886,0
friday_portscan,135,0,0.0015911106303839809,0
friday_portscan,136,0,0.020696364448454223,0
friday_portscan,137,0,0.0007831930089868418,0
friday_portscan,138,0,0.00043619202681314113,0
friday_portscan,139,0,0.0014423767443446165,0
friday_portscan,140,0,0.00046058958657357874,0
friday_portscan,141,0,0.001791282142513129,0
friday_portscan,142,0,0.001429958515050664,0
friday_portscan,143,0,0.0014488298646454236,0
friday_portscan,144,0,0.026763977181785956,0
friday_portscan,145,0,0.0017746417846752822,0
friday_portscan,146,0,0.005717241944068256,0
friday_portscan,147,0,0.000644141782900244,0
friday_portscan,148,0,0.0004390071438861809,0
friday_portscan,149,0,0.00011906261599769885,0
friday_portscan,150,0,0.00015131001849548237,0
friday_portscan,151,0,0.000341900962001448,0
friday_portscan,152,0,0.0007191623577159706,0
friday_portscan,153,0,0.0016168242476202947,0
friday_portscan,154,0,0.0004280727333225275,0
friday_portscan,155,0,0.00037775058374294384,0
friday_portscan,156,0,0.004022850430988882,0
friday_portscan,157,0,0.000866441564493375,0
friday_portscan,158,0,0.0013532686788672833,0
friday_portscan,159,0,0.0008464596032206576,0
friday_portscan,160,0,0.0015452992772844165,0
friday_portscan,161,0,0.048207151921428895,0
friday_portscan,162,0,0.0360469153473,0
friday_portscan,163,0,0.0033787435566877875,0
friday_portscan,164,0,0.0010655349627927756,0
friday_portscan,165,0,0.0027222147602241034,0
friday_portscan,166,0,0.0018108590702769858,0
friday_portscan,167,0,0.0006041458571236544,0
friday_portscan,168,0,0.0035865800849193908,0
friday_portscan,169,0,0.0005587176834021286,0
friday_portscan,170,0,0.0001080952246829065,0
friday_portscan,171,0,0.0003139037774525386,0
friday_portscan,172,0,0.0001669590623603578,0
friday_portscan,173,0,0.00010851864541807351,0
friday_portscan,174,0,0.0003101098786582762,0
friday_portscan,175,1,0.0011223419247535227,0
friday_portscan,176,1,0.0003525007338650512,0
friday_portscan,177,1,0.00024216576779194392,0
friday_portscan,178,1,0.00012314668340028098,0
friday_portscan,179,1,0.0002459143654599658,0
friday_portscan,180,1,0.00010102006835308618,0
friday_portscan,181,1,0.0001783028311515419,0
friday_portscan,182,1,0.0003300111149894151,0
friday_portscan,183,1,0.0005888766035120032,0
friday_portscan,184,1,0.00036816222580998606,0
friday_portscan,185,1,0.0003540281346387492,0
friday_portscan,186,1,0.0004477521325848131,0
friday_portscan,187,1,0.0014378847753680909,0
friday_portscan,188,1,0.0006768418626771767,0
friday_portscan,189,1,0.0005272736367582595,0
friday_portscan,190,1,0.00044075318790391454,0
friday_portscan,191,1,0.001109158934706257,0
friday_portscan,192,1,0.0005781197826210441,0
friday_portscan,193,1,0.0005000687683388772,0
friday_portscan,194,1,0.00042688259183041997,0
friday_portscan,195,1,0.00047110983404203383,0
friday_portscan,196,1,0.0004205586184068293,0
friday_portscan,197,1,0.001221985914593625,0
friday_portscan,198,1,0.0005166175405824507,0
friday_portscan,199,1,0.00040703222446597276,0
friday_portscan,200,1,0.00045241346810294386,0
friday_portscan,201,1,0.0005388049391696276,0
friday_portscan,202,1,0.0004961949962569159,0
friday_portscan,203,1,0.00041647111180380956,0
friday_portscan,204,1,0.0003954485400852066,0
friday_portscan,205,1,0.0004348564431044956,0
friday_portscan,206,1,0.0004756508269856596,0
friday_portscan,207,1,0.0006198948871689908,0
friday_portscan,208,1,0.0004348180514732335,0
friday_portscan,209,1,0.00043272435405112625,0
friday_portscan,210,1,0.0004550338297126344,0
friday_portscan,211,1,0.0006932550945516048,0
friday_portscan,212,1,0.0004948526127842606,0
friday_portscan,213,1,0.0007611178397183704,0
friday_portscan,214,1,0.0005180735685416009,0
friday_portscan,215,1,0.00048100618719707335,0
friday_portscan,216,1,0.0004282653217557577,0
friday_portscan,217,1,0.0005959603825746995,0
friday_portscan,218,1,0.00046355700327401487,0
friday_portscan,219,1,0.0006750069586600253,0
friday_portscan,220,1,0.0005499689433379389,0
friday_portscan,221,1,0.0006813918516895512,0
friday_portscan,222,1,0.000567455923537426,0
friday_portscan,223,1,0.000972089614903302,0
friday_portscan,224,1,0.0005895108950563893,0
friday_portscan,225,1,0.0005604307573964878,0
friday_portscan,226,1,0.00042611197624807106,0
friday_portscan,227,1,0.0006981892507600442,0
friday_portscan,228,1,0.000529186231869897,0
friday_portscan,229,1,0.0006499737722472032,0
friday_portscan,230,1,0.0005750186010543129,0
friday_portscan,231,1,0.0005793979043180863,0
friday_portscan,232,1,0.00042025381164549337,0
friday_portscan,233,1,0.000606613922290555,0
friday_portscan,234,1,0.0005250402486058319,0
friday_portscan,235,1,0.0005150962280289924,0
friday_portscan,236,1,0.0005366736946999257,0
friday_portscan,237,1,0.0006349281853371589,0
friday_portscan,238,1,0.0005613095647491609,0
friday_portscan,239,1,0.0005079592093442381,0
friday_portscan,240,1,0.00048773780829340266,0
friday_portscan,241,1,0.000463738202250768,0
friday_portscan,242,1,0.00048551178054474694,0
friday_portscan,243,1,0.0005238558657912307,0
friday_portscan,244,1,0.000512406586597395,0
friday_portscan,245,1,0.000652504865511774,0
friday_portscan,246,1,0.000588006303276031,0
friday_portscan,247,1,0.0006412554261318563,0
friday_portscan,248,1,0.0004741549690589444,0
friday_portscan,249,1,0.0012461101169180017,0
friday_portscan,250,1,0.0005549628318435197,0
friday_portscan,251,1,0.00048429165260231553,0
friday_portscan,252,1,0.0005142921575478794,0
friday_portscan,253,1,0.00048167035749729854,0
friday_portscan,254,1,0.0005039573329901547,0
friday_portscan,255,1,0.0008679922409328234,0
friday_portscan,256,1,0.00045237940505098937,0
friday_portscan,257,1,0.0004451130474807983,0
friday_portscan,258,1,0.0004205484411378547,0
friday_portscan,259,1,0.0006671765865622544,0
friday_portscan,260,1,0.0005084344424446759,0
friday_portscan,261,1,0.0004000785554275133,0
friday_portscan,262,1,0.0003972499421761642,0
friday_portscan,263,1,0.0009893012385977155,0
friday_portscan,264,1,0.0006189650044003775,0
friday_portscan,265,1,0.0007559076741760196,0
friday_portscan,266,1,0.0004962370737787844,0
friday_portscan,267,1,0.0005399566907485267,0
friday_portscan,268,1,0.00041759905071081944,0
friday_portscan,269,1,0.0003765999709712662,0
friday_portscan,270,1,0.0003753618934147848,0
friday_portscan,271,1,0.00040979776779757134,0
friday_portscan,272,1,0.00040663761072190925,0
friday_portscan,273,1,0.0005188170856410342,0
friday_portscan,274,1,0.00047383228823880493,0
friday_portscan,275,1,0.0005045477549295765,0
friday_portscan,276,1,0.00042148049183793524,0
friday_portscan,277,1,0.0006412604436849521,0
friday_portscan,278,1,0.0004385415799327665,0
friday_portscan,279,1,0.0009941738982752113,0
friday_portscan,280,1,0.00046146538446427903,0
friday_portscan,281,1,0.00040560619227118235,0
friday_portscan,282,1,0.00045048962480299926,0
friday_portscan,283,1,0.0005711233275804483,0
friday_portscan,284,1,0.000435376583208087,0
friday_portscan,285,1,0.0004659130029589971,0
friday_portscan,286,1,0.00043487315527536446,0
friday_portscan,287,1,0.0004610346470571563,0
friday_portscan,288,1,0.0005227054360057202,0
friday_portscan,289,1,0.000509261856079732,0
friday_portscan,290,1,0.0004816301721006223,0
friday_portscan,291,1,0.0005524780792174371,0
friday_portscan,292,1,0.0005362446087513255,0
friday_portscan,293,1,0.0005271103068964697,0
friday_portscan,294,0,7.570343760038154e-05,0
friday_portscan,295,1,0.00013778003930219895,0
friday_portscan,296,1,0.0003026748631138953,0
friday_portscan,297,1,0.00033313651432367576,0
friday_portscan,298,1,0.0003131436475157407,0
friday_portscan,299,1,0.00024857438234545103,0
friday_portscan,300,1,0.0003014593238970927,0
friday_portscan,301,1,0.0003667079371645476,0
friday_portscan,302,1,0.0003032340961662844,0
friday_portscan,303,1,0.00037099030200592593,0
friday_portscan,304,1,0.00041391376205932614,0
friday_portscan,305,1,0.0004468337293435791,0
friday_portscan,306,1,0.00046931370974463054,0
friday_portscan,307,1,0.0004627405530393616,0
friday_portscan,308,1,0.0004718707378361532,0
friday_portscan,309,1,0.0005028051947870545,0
friday_portscan,310,1,0.0005608973739418974,0
friday_portscan,311,1,0.0005028540295218462,0
friday_portscan,312,1,0.0006123949644531448,0
friday_portscan,313,1,0.00048135816727120257,0
friday_portscan,314,1,0.0007075301013012708,0
friday_portscan,315,1,0.000499062780715385,0
friday_portscan,316,1,0.000744453760300295,0
friday_portscan,317,1,0.0005720410862870511,0
friday_portscan,318,1,0.0006299858943683479,0
friday_portscan,319,1,0.0005182080324181631,0
friday_portscan,320,1,0.0006371489564022353,0
friday_portscan,321,1,0.0005277066831686243,0
friday_portscan,322,1,0.0004928580119366736,0
friday_portscan,323,1,0.0005017476806698311,0
friday_portscan,324,1,0.0006579093175201368,0
friday_portscan,325,1,0.0006204011670874845,0
friday_portscan,326,1,0.0007717862589562934,0
friday_portscan,327,1,0.0005271623137857474,0
friday_portscan,328,1,0.0006119688975439576,0
friday_portscan,329,1,0.0005698432616796693,0
friday_portscan,330,1,0.000554398720574676,0
friday_portscan,331,1,0.0004984957069719782,0
friday_portscan,332,1,0.0005349949418072816,0
friday_portscan,333,1,0.0005246936090825364,0
friday_portscan,334,1,0.0005794872882967123,0
friday_portscan,335,1,0.0005502612099392121,0
friday_portscan,336,1,0.0005341692151180029,0
friday_portscan,337,1,0.0005187490412116507,0
friday_portscan,338,1,0.0005311751261492798,0
friday_portscan,339,1,0.00047094094625973906,0
friday_portscan,340,1,0.000495103985894631,0
friday_portscan,341,1,0.0005109230601005126,0
friday_portscan,342,1,0.0004652226721307532,0
friday_portscan,343,1,0.00046200481121233235,0
friday_portscan,344,1,0.0005212069424114832,0
friday_portscan,345,1,0.0004636382271777116,0
friday_portscan,346,1,0.0005569813005550138,0
friday_portscan,347,1,0.0005043688111888741,0
friday_portscan,348,1,0.000511259932620513,0
friday_portscan,349,1,0.00043475611299438155,0
friday_portscan,350,1,0.0005329194282859353,0
friday_portscan,351,1,0.0005223992562645929,0
friday_portscan,352,1,0.0005287170945572567,0
friday_portscan,353,1,0.00046564158070355803,0
friday_portscan,354,1,0.0005596595320457674,0
friday_portscan,355,1,0.0004588539348562426,0
friday_portscan,356,1,0.0006623780257274331,0
friday_portscan,357,1,0.0004452009206476037,0
friday_portscan,358,1,0.0004795061965360543,0
friday_portscan,359,1,0.00042291981490995024,0
friday_portscan,360,1,0.0005120471852925989,0
friday_portscan,361,1,0.0004892265501007421,0
friday_portscan,362,1,0.0005704457420388317,0
friday_portscan,363,1,0.0005780731945657623,0
friday_portscan,364,1,0.0006319878329182448,0
friday_portscan,365,1,0.0005196229875096393,0
friday_portscan,366,1,0.0006393604672126527,0
friday_portscan,367,1,0.0004912497659866436,0
friday_portscan,368,1,0.0005749764415364137,0
friday_portscan,369,1,0.00046281732717433436,0
friday_portscan,370,1,0.0005163984642336986,0
friday_portscan,371,1,0.0004456167300687835,0
friday_portscan,372,1,0.0005973501361169587,0
friday_portscan,373,1,0.0004823869693591327,0
friday_portscan,374,1,0.000500234846640296,0
friday_portscan,375,1,0.0004214290441088307,0
friday_portscan,376,1,0.0005392207480422881,0
friday_portscan,377,1,0.00043552552944744636,0
friday_portscan,378,1,0.0005213320927785962,0
friday_portscan,379,1,0.0005071775623801286,0
friday_portscan,380,1,0.00044543329270609115,0
friday_portscan,381,1,0.00042136603171312806,0
friday_portscan,382,1,0.0005030189825040112,0
friday_portscan,383,1,0.00048373784482922446,0
friday_portscan,384,1,0.0005107911348910299,0
friday_portscan,385,1,0.0005003618090620901,0
friday_portscan,386,1,0.00045566040797877645,0
friday_portscan,387,1,0.00046982715646476055,0
friday_portscan,388,1,0.0004290930559192845,0
friday_portscan,389,1,0.0004383508750939669,0
friday_portscan,390,1,0.00047316713052581415,0
friday_portscan,391,1,0.000505783416903081,0
friday_portscan,392,1,0.0004981461183120347,0
friday_portscan,393,1,0.0006462740176550392,0
friday_portscan,394,1,0.0005195783250335714,0
friday_portscan,395,1,0.0006520806602125916,0
friday_portscan,396,1,0.0005854184480971257,0
friday_portscan,397,1,0.0006324776020577253,0
friday_portscan,398,1,0.000538121810785193,0
friday_portscan,399,1,0.0005340542163003749,0
friday_portscan,400,1,0.00046793347239945204,0
friday_portscan,401,1,0.0005613761653116906,0
friday_portscan,402,1,0.0004377964157719275,0
friday_portscan,403,1,0.0009980118706705678,0
friday_portscan,404,1,0.00046672619064881194,0
friday_portscan,405,1,0.00043581273457178187,0
friday_portscan,406,1,0.00048550391383458524,0
friday_portscan,407,1,0.000578592499135103,0
friday_portscan,408,1,0.0004224081450640236,0
friday_portscan,409,1,0.00044144318487991094,0
friday_portscan,410,1,0.0004369134958809493,0
friday_portscan,411,1,0.0005498018319894647,0
friday_portscan,412,1,0.000467789038320022,0
friday_portscan,413,1,0.0005757664511655433,0
friday_portscan,414,1,0.0004984007396894824,0
friday_portscan,415,1,0.0005160375453787469,0
friday_portscan,416,1,0.000487447902062028,0
friday_portscan,417,1,0.0005986348395304003,0
friday_portscan,418,1,0.0004882430018538139,0
friday_portscan,419,1,0.0005640866271861671,0
friday_portscan,420,1,0.000489917681170075,0
friday_portscan,421,1,0.0005143521662418006,0
friday_portscan,422,1,0.0005030802978696936,0
friday_portscan,423,1,0.0006054786377945163,0
friday_portscan,424,1,0.00052680244872935,0
friday_portscan,425,1,0.0006364770748126552,0
friday_portscan,426,1,0.0005367434180594861,0
friday_portscan,427,1,0.0006104905163562654,0
friday_portscan,428,1,0.0005435027703553799,0
friday_portscan,429,1,0.0007491347726424543,0
friday_portscan,430,1,0.0006133122572534182,0
friday_portscan,431,1,0.00043628484684706827,0
friday_portscan,432,1,0.0005387075452478509,0
friday_portscan,433,1,0.00047867169610833613,0
friday_portscan,434,1,0.0005353357278301052,0
friday_portscan,435,1,0.0005074354114743113,0
friday_portscan,436,1,0.0005442934783430203,0
friday_portscan,437,1,0.0005811749894656983,0
friday_portscan,438,1,0.0005139095888072974,0
friday_portscan,439,1,0.0005835135389102239,0
friday_portscan,440,1,0.000631419945854375,0
friday_portscan,441,1,0.0006362223010511661,0
friday_portscan,442,1,0.0006187864333350015,0
friday_portscan,443,1,0.0005832212453440315,0
friday_portscan,444,1,0.0005409779340570796,0
friday_portscan,445,1,0.000542962116834858,0
friday_portscan,446,1,0.00045134625393295115,0
friday_portscan,447,1,0.000463897550671264,0
friday_portscan,448,1,0.00046796564498989237,0
friday_portscan,449,1,0.0005142396509852808,0
friday_portscan,450,1,0.0005058034377666745,0
friday_portscan,451,1,0.0005367574923729429,0
friday_portscan,452,1,0.0004934985111847737,0
friday_portscan,453,1,0.00048076908117944156,0
friday_portscan,454,1,0.00044192446909852674,0
friday_portscan,455,1,0.000492722438622545,0
friday_portscan,456,1,0.0005214973679185026,0
friday_portscan,457,1,0.00046901638349467606,0
friday_portscan,458,1,0.0004044693224607138,0
friday_portscan,459,1,0.0004899991336662373,0
friday_portscan,460,1,0.0004914052178024453,0
friday_portscan,461,1,0.00012678654739586826,0
friday_portscan,462,0,8.71608027380841e-05,0
friday_portscan,463,0,4.879202239435267e-05,0
friday_portscan,464,0,5.402632969592731e-05,0
friday_portscan,465,0,4.9549311551262134e-05,0
friday_portscan,466,0,9.37263264941866e-05,0
friday_portscan,467,0,0.00011242820908964519,0
friday_portscan,468,0,0.001628806069443265,0
friday_portscan,469,0,0.00022003940718684053,0
friday_portscan,470,0,0.00019241453663270896,0
friday_portscan,471,0,0.00028577937539108996,0
friday_portscan,472,0,0.004337554520332373,0
friday_portscan,473,0,0.0007609972354476798,0
friday_portscan,474,0,0.0004376954372988631,0
friday_portscan,475,0,0.00032970263406508675,0
friday_portscan,476,0,0.0004867261638000906,0
friday_portscan,477,0,0.00018583468235552905,0
friday_portscan,478,0,0.0002933841605946558,0
friday_portscan,479,0,0.0010642316254136199,0
friday_portscan,480,0,0.0005105661305108811,0
friday_portscan,481,1,0.0020382391303874177,0
friday_portscan,482,1,0.0003909428557696324,0
friday_portscan,483,1,0.0002861650190201755,0
friday_portscan,484,1,0.000135391211810031,0
friday_portscan,485,1,8.62790124227695e-05,0
friday_portscan,486,1,0.0001042243044164554,0
friday_portscan,487,1,0.00017728319514858824,0
friday_portscan,488,1,0.00023849182201322644,0
friday_portscan,489,1,9.75037298671992e-05,0
friday_portscan,490,1,0.0001704084014176357,0
friday_portscan,491,1,0.00023913626982032023,0
friday_portscan,492,1,0.0004889876281533192,0
friday_portscan,493,1,0.0002953797580084261,0
friday_portscan,494,1,0.00026143927979078004,0
friday_portscan,495,1,0.00029722344846505345,0
friday_portscan,496,1,0.00029960296603054266,0
friday_portscan,497,1,0.000290822564887113,0
friday_portscan,498,1,0.0004387627246402283,0
friday_portscan,499,1,0.00037635129991716047,0
friday_portscan,500,1,0.00039345186827128653,0
friday_portscan,501,1,0.0003674226744103977,0
friday_portscan,502,1,0.00046896930207742965,0
friday_portscan,503,1,0.0004796389729173406,0
friday_portscan,504,1,0.0009156744881395534,0
friday_portscan,505,1,0.0005927447191759872,0
friday_portscan,506,1,0.00017490022855874888,0
friday_portscan,507,1,0.0003167958466881798,0
friday_portscan,508,1,0.00033021854462831365,0
friday_portscan,509,0,0.0012292512130467753,0
friday_portscan,510,0,8.274352093950244e-05,0
friday_portscan,511,0,0.0001495561561231418,0
friday_portscan,512,0,0.0004002169356074301,0
friday_portscan,513,0,0.00026426868897936397,0
friday_portscan,514,0,0.0003896239109587141,0
friday_portscan,515,0,0.00019264840470869572,0
friday_portscan,516,0,0.000229564746412042,0
friday_portscan,517,0,0.0005149560246275462,0
friday_portscan,518,0,0.0021301121788751495,0
friday_portscan,519,0,0.040762595984120326,0
friday_portscan,520,0,0.010982414723114259,0
friday_portscan,521,0,0.003120024693693424,0
friday_portscan,522,0,0.0011025899204389039,0
friday_portscan,523,0,0.0008127894455401233,0
friday_portscan,524,0,0.000556670402007747,0
friday_portscan,525,0,0.0008631612223394783,0
friday_portscan,526,0,0.0006313508765465465,0
friday_portscan,527,0,0.001959055746200869,0
friday_portscan,528,0,0.0038041197445392036,0
friday_portscan,529,0,0.005505869832143566,0
friday_portscan,530,0,0.011585996004415827,0
friday_portscan,531,0,0.012511566641029637,0
friday_portscan,532,0,0.06188220552370205,0
friday_portscan,533,1,0.188670758555833,0
friday_portscan,534,1,0.021176467526655994,0
friday_portscan,535,1,0.0022033279483495124,0
friday_portscan,536,1,0.0005772271466114468,0
friday_portscan,537,1,0.0002456030509176392,0
friday_portscan,538,1,0.00015500097207893663,0
friday_portscan,539,1,0.0002734979843331146,0
friday_portscan,540,1,0.00030567172682727505,0
friday_portscan,541,1,0.00021465172984950185,0
friday_portscan,542,1,0.00028246874531138934,0
friday_portscan,543,1,0.0002421777665644431,0
friday_portscan,544,0,0.00013126727668875352,0
friday_portscan,545,1,0.0003815488840184699,0
friday_portscan,546,1,0.0002633320270556614,0
friday_portscan,547,1,0.00022616678478914695,0
friday_portscan,548,1,0.0001823015300577082,0
friday_portscan,549,1,0.00015838283561364893,0
friday_portscan,550,1,0.00015079051715479814,0
friday_portscan,551,1,0.00026162164779965904,0
friday_portscan,552,1,0.000644255824899198,0
friday_portscan,553,1,0.00029527974747130617,0
friday_portscan,554,1,0.0001994377583283171,0
friday_portscan,555,1,0.0002745194593363608,0
friday_portscan,556,1,0.00022199255158871317,0
friday_portscan,557,1,0.0002837251448958152,0
friday_portscan,558,0,0.00021178382407256686,0
friday_portscan,559,0,0.00015140735673085904,0
friday_portscan,560,0,0.0001651113605574929,0
friday_portscan,561,0,0.0004671410213868007,0
friday_portscan,562,0,0.0011722094823881498,0
friday_portscan,563,0,0.00024132099860426018,0
friday_portscan,564,0,0.00023548013809483124,0
friday_portscan,565,0,7.358969880891982e-05,0
friday_portscan,566,0,0.0002542546806265047,0
friday_portscan,567,0,0.0009722302084493993,0
friday_portscan,568,0,0.13012563870894733,0
friday_portscan,569,0,0.08093033722386789,0
friday_portscan,570,0,0.1936168480153682,0
friday_portscan,571,0,0.5551769462466556,1
friday_ddos,11,0,0.00019612870580663328,0
friday_ddos,12,0,0.0005550257659278177,0
friday_ddos,13,0,0.002016997687196549,0
friday_ddos,14,0,0.0009732818239431508,0
friday_ddos,15,0,0.0006252687840720004,0
friday_ddos,16,0,0.0006357280910686665,0
friday_ddos,17,0,0.0011870329728870179,0
friday_ddos,18,0,0.00044899198311338203,0
friday_ddos,19,0,0.0004684078780982339,0
friday_ddos,20,0,0.0013863120908904837,0
friday_ddos,21,0,0.00014392471957325905,0
friday_ddos,22,0,8.792538248617185e-05,0
friday_ddos,23,0,0.0003937565900105466,0
friday_ddos,24,0,0.0013307408171356677,0
friday_ddos,25,0,0.00028043536240563653,0
friday_ddos,26,0,0.0003683914505956721,0
friday_ddos,27,0,0.0016133906063474522,0
friday_ddos,28,0,0.000770383070254678,0
friday_ddos,29,0,0.0019810493554127118,0
friday_ddos,30,0,0.0024951460604751862,0
friday_ddos,31,0,0.005345375050695394,0
friday_ddos,32,0,0.0010861825529641564,0
friday_ddos,33,0,0.0006291730059187514,0
friday_ddos,34,0,0.00029639415837336277,0
friday_ddos,35,0,0.00015961369392969926,0
friday_ddos,36,0,0.0009693771465689996,0
friday_ddos,37,1,0.0006061103759605869,0
friday_ddos,38,1,0.011415311164429825,0
friday_ddos,39,1,0.39105024654204473,0
friday_ddos,40,1,0.704185833415397,1
friday_ddos,41,1,0.8187481212297275,1
friday_ddos,42,1,0.8186391013797667,1
friday_ddos,43,0,0.32052117284550785,0
friday_ddos,44,0,0.13066100748487175,0
friday_ddos,45,1,0.692817617238925,1
friday_ddos,46,1,0.8955305941347929,1
friday_ddos,47,1,0.9518986423062911,1
friday_ddos,48,1,0.9997042038972347,1
friday_ddos,49,1,0.9998126304404844,1
friday_ddos,50,1,0.9998044165485735,1
friday_ddos,51,1,0.9997771264802557,1
friday_ddos,52,1,0.9997187401669098,1
friday_ddos,53,1,0.9996737519673216,1
friday_ddos,54,1,0.9996970687321355,1
friday_ddos,55,1,0.9996668631020992,1
friday_ddos,56,1,0.9998297571711698,1
friday_ddos,57,1,0.9998301465706109,1
friday_ddos,58,1,0.9998287599310965,1
friday_ddos,59,1,0.9998279829467623,1
friday_ddos,60,1,0.9998286861347309,1
friday_ddos,61,1,0.9998084527862857,1
friday_ddos,62,0,0.9994196975857894,1
friday_ddos,63,0,0.9979605608578426,1
friday_ddos,64,0,0.8800565461245986,1
friday_ddos,65,0,0.6032449465996197,1
friday_ddos,66,1,0.6321528286369129,1
friday_ddos,67,1,0.9146480119743615,1
friday_ddos,68,1,0.9708357531180308,1
friday_ddos,69,1,0.984194325950442,1
friday_ddos,70,1,0.9878370522566932,1
friday_ddos,71,1,0.9925699519777545,1
friday_ddos,72,1,0.9886373529986284,1
friday_ddos,73,1,0.9927132007882925,1
friday_ddos,74,1,0.999259357090036,1
friday_ddos,75,1,0.9995529342491437,1
friday_ddos,76,1,0.9996479761567588,1
friday_ddos,77,1,0.9997092059660814,1
friday_ddos,78,1,0.9998344595135328,1
friday_ddos,79,1,0.9998250394405949,1
friday_ddos,80,0,0.9995221232541422,1
friday_ddos,81,0,0.9994163045685613,1
friday_ddos,82,0,0.9985911667869801,1
friday_ddos,83,0,0.8916651247054571,1
friday_ddos,84,0,0.6564398022129101,1
friday_ddos,85,0,0.28886913346499493,0
friday_ddos,86,1,0.813864704988758,1
friday_ddos,87,1,0.9264651427479933,1
friday_ddos,88,1,0.9673764441531247,1
friday_ddos,89,1,0.9784368253219765,1
friday_ddos,90,1,0.9877956881649076,1
friday_ddos,91,1,0.9892361148356521,1
friday_ddos,92,1,0.992065644912381,1
friday_ddos,93,1,0.9987283992777526,1
friday_ddos,94,1,0.9994984287421587,1
friday_ddos,95,1,0.9995679006028126,1
friday_ddos,96,1,0.9996240290475586,1
friday_ddos,97,1,0.9998338403549806,1
friday_ddos,98,1,0.9998357807375261,1
friday_ddos,99,1,0.9996217453117072,1
friday_ddos,100,0,0.9994654230831711,1
friday_ddos,101,0,0.9972620264740725,1
friday_ddos,102,0,0.8593195273588419,1
friday_ddos,103,0,0.430820416617704,0
friday_ddos,104,0,0.18958450755188444,0
friday_ddos,105,1,0.5795150918741635,1
friday_ddos,106,1,0.8734579896179356,1
friday_ddos,107,1,0.9611981384434424,1
friday_ddos,108,1,0.9758078457124509,1
friday_ddos,109,1,0.982404531587889,1
friday_ddos,110,1,0.9866842808837665,1
friday_ddos,111,1,0.992603749423705,1
friday_ddos,112,1,0.9989253150319131,1
friday_ddos,113,1,0.9995525619256185,1
friday_ddos,114,1,0.9996255009646968,1
friday_ddos,115,1,0.9996586326180632,1
friday_ddos,116,1,0.9998356347650101,1
friday_ddos,117,1,0.9998329359001003,1
friday_ddos,118,1,0.9994433225513616,1
friday_ddos,119,0,0.9994494660800247,1
friday_ddos,120,0,0.9114069761961595,1
friday_ddos,121,0,0.5119689388619187,1
friday_ddos,122,0,0.5430771792311155,1
friday_ddos,123,1,0.7277562753402982,1
friday_ddos,124,1,0.9443427245522763,1
friday_ddos,125,1,0.9811802769224894,1
friday_ddos,126,1,0.9879324128722071,1
friday_ddos,127,1,0.990701682303466,1
friday_ddos,128,1,0.9950229529097028,1
friday_ddos,129,1,0.9942176967800611,1
friday_ddos,130,1,0.9951003312108683,1
friday_ddos,131,1,0.9994025074500673,1
friday_ddos,132,1,0.9996882530300537,1
friday_ddos,133,1,0.9997248911721593,1
friday_ddos,134,1,0.9998186661601826,1
friday_ddos,135,1,0.9998385517105932,1
friday_ddos,136,1,0.9998391884798519,1
friday_ddos,137,1,0.9997264448618998,1
friday_ddos,138,0,0.9995440198536124,1
friday_ddos,139,0,0.9109907168361508,1
friday_ddos,140,0,0.7866920379765966,1
friday_ddos,141,1,0.577425949282573,1
friday_ddos,142,1,0.9658875620516947,1
friday_ddos,143,1,0.978345277154242,1
friday_ddos,144,1,0.9859848937490994,1
friday_ddos,145,1,0.9910323598934344,1
friday_ddos,146,1,0.9964943524905465,1
friday_ddos,147,1,0.9979959968926535,1
friday_ddos,148,1,0.9949874472649964,1
friday_ddos,149,1,0.9958890589628986,1
friday_ddos,150,1,0.9995145609718341,1
friday_ddos,151,1,0.9996408187634535,1
friday_ddos,152,1,0.9996664100919823,1
friday_ddos,153,1,0.9998346471478189,1
friday_ddos,154,1,0.9998355062962508,1
friday_ddos,155,1,0.9998127784141495,1
friday_ddos,156,0,0.9555686004726395,1
friday_ddos,157,0,0.5920993184573792,1
friday_ddos,158,1,0.8152959864184344,1
friday_ddos,159,1,0.9689445841561308,1
friday_ddos,160,1,0.9849131052312242,1
friday_ddos,161,1,0.9911630778506223,1
friday_ddos,162,1,0.9939798793260433,1
friday_ddos,163,1,0.9975264735637126,1
friday_ddos,164,1,0.9971272007697943,1
friday_ddos,165,1,0.9969192454327357,1
friday_ddos,166,1,0.9995328743340018,1
friday_ddos,167,1,0.9997002393538039,1
friday_ddos,168,1,0.9997374369907097,1
friday_ddos,169,1,0.999765630371338,1
friday_ddos,170,1,0.9998337150578299,1
friday_ddos,171,1,0.9998363397178611,1
friday_ddos,172,1,0.9996489526663223,1
friday_ddos,173,0,0.9987259195640235,1
friday_ddos,174,0,0.8221781043136099,1
friday_ddos,175,0,0.4593478667691995,0
friday_ddos,176,1,0.7674754718801594,1
friday_ddos,177,1,0.9050101019803469,1
friday_ddos,178,1,0.9704762279974289,1
friday_ddos,179,1,0.9822891274764353,1
friday_ddos,180,1,0.9897868877810079,1
friday_ddos,181,1,0.9914275201811641,1
friday_ddos,182,1,0.9947126873569584,1
friday_ddos,183,1,0.9992224982314615,1
friday_ddos,184,1,0.9995715576181143,1
friday_ddos,185,1,0.999600333378213,1
friday_ddos,186,1,0.9996584576154518,1
friday_ddos,187,1,0.9998180931052911,1
friday_ddos,188,1,0.9998337943377877,1
friday_ddos,189,0,0.9930415313934866,1
friday_ddos,190,0,0.7877358587623624,1
friday_ddos,191,0,0.4094841815369875,0
friday_ddos,192,1,0.5096000353924329,1
friday_ddos,193,1,0.850000512570742,1
friday_ddos,194,1,0.9594437367563882,1
friday_ddos,195,1,0.9751108085947501,1
friday_ddos,196,1,0.9787570429939901,1
friday_ddos,197,1,0.9734325257910594,1
friday_ddos,198,1,0.96406873556979,1
friday_ddos,199,1,0.9934313925991763,1
friday_ddos,200,1,0.998977258625524,1
friday_ddos,201,1,0.9994794595763092,1
friday_ddos,202,1,0.999583273055493,1
friday_ddos,203,1,0.9997706649623493,1
friday_ddos,204,1,0.999806874727552,1
friday_ddos,205,0,0.9991785167797329,1
friday_ddos,206,0,0.9934926467177916,1
friday_ddos,207,0,0.6737545813599014,1
friday_ddos,208,0,0.543282135520614,1
friday_ddos,209,1,0.9661630527301117,1
friday_ddos,210,1,0.9838812365614138,1
friday_ddos,211,1,0.992458013699086,1
friday_ddos,212,1,0.9943020233884748,1
friday_ddos,213,1,0.9940035330009609,1
friday_ddos,214,1,0.9934410427603769,1
friday_ddos,215,1,0.9934066621821469,1
friday_ddos,216,1,0.994403488302988,1
friday_ddos,217,1,0.9991592570098093,1
friday_ddos,218,1,0.9996798791202296,1
friday_ddos,219,1,0.9997263100240804,1
friday_ddos,220,1,0.9997246473556626,1
friday_ddos,221,1,0.9994115654846889,1
friday_ddos,222,0,0.9642386005658178,1
friday_ddos,223,0,0.329894314259438,0
friday_ddos,224,0,0.3843291968727404,0
friday_ddos,225,1,0.4787610895690515,0
friday_ddos,226,1,0.9826726660259562,1
friday_ddos,227,1,0.9916844429646555,1
friday_ddos,228,1,0.9985696646227611,1
friday_ddos,229,1,0.9995266220540029,1
friday_ddos,230,1,0.9994584367547905,1
friday_ddos,231,1,0.9993658571003218,1
friday_ddos,232,1,0.9994708996988367,1
friday_ddos,233,1,0.9996420387873384,1
friday_ddos,234,1,0.9996941407579392,1
friday_ddos,235,1,0.999727704849275,1
friday_ddos,236,1,0.9996884337583511,1
friday_ddos,237,1,0.9997900295075893,1
friday_ddos,238,1,0.9992178098241109,1
friday_ddos,239,0,0.9991755126384835,1
friday_ddos,240,0,0.8806310627200017,1
friday_ddos,241,0,0.3048897582508605,0
friday_ddos,242,0,0.08933066528233546,0
friday_ddos,243,1,0.028531650555938547,0
friday_ddos,244,1,0.09260446273182467,0
friday_ddos,245,1,0.03751258188078997,0
friday_ddos,246,1,0.2589488890755791,0
friday_ddos,247,1,0.4753094364279797,0
friday_ddos,248,1,0.720938251766876,1
friday_ddos,249,1,0.9781485706813958,1
friday_ddos,250,1,0.9950188303042473,1
friday_ddos,251,1,0.9968250979349069,1
friday_ddos,252,1,0.9927663847334123,1
friday_ddos,253,1,0.9992211663717878,1
friday_ddos,254,1,0.999664135921189,1
friday_ddos,255,1,0.9998042206933221,1
friday_ddos,256,1,0.9988112855345114,1
friday_ddos,257,0,0.9063873865879801,1
friday_ddos,258,0,0.2667697944113134,0
friday_ddos,259,0,0.1067703270121591,0
friday_ddos,260,0,0.5884413070953041,1
friday_ddos,261,1,0.4653317327079461,0
friday_ddos,262,1,0.7149056332818141,1
friday_ddos,263,1,0.9427788372301543,1
friday_ddos,264,1,0.9847669016076729,1
friday_ddos,265,1,0.9939837439898044,1
friday_ddos,266,1,0.9988849938716894,1
friday_ddos,267,1,0.9998967945532143,1
friday_ddos,268,1,0.9999184612333245,1
friday_ddos,269,1,0.9998600891185222,1
friday_ddos,270,1,0.9998076099919299,1
friday_ddos,271,1,0.9996522993477124,1
friday_ddos,272,1,0.9998202461189807,1
friday_ddos,273,1,0.9998032213501119,1
friday_ddos,274,1,0.9995603096800442,1
friday_ddos,275,0,0.9992952283353913,1
friday_ddos,276,0,0.9515682047074162,1
friday_ddos,277,0,0.3831221934150861,0
friday_ddos,278,0,0.1017878783401513,0
friday_ddos,279,1,0.20519540748591802,0
friday_ddos,280,1,0.392453912126294,0
friday_ddos,281,1,0.16006769576154906,0
friday_ddos,282,1,0.7173036999250342,1
friday_ddos,283,1,0.9210132326169579,1
friday_ddos,284,1,0.9749031602273075,1
friday_ddos,285,1,0.9873954855435193,1
friday_ddos,286,1,0.995842976794621,1
friday_ddos,287,1,0.9993944763299261,1
friday_ddos,288,1,0.9996092292091073,1
friday_ddos,289,1,0.9997432894582834,1
friday_ddos,290,1,0.9997397500749088,1
friday_ddos,291,1,0.9998180331569417,1
friday_ddos,292,1,0.9962874169429393,1
friday_ddos,293,0,0.8000362671211594,1
friday_ddos,294,0,0.22374476152037814,0
friday_ddos,295,0,0.2453900155496567,0
friday_ddos,296,1,0.5744286304000301,1
friday_ddos,297,1,0.9415853564106661,1
friday_ddos,298,1,0.9770666503732272,1
friday_ddos,299,1,0.9925940654974422,1
friday_ddos,300,1,0.9938548460655081,1
friday_ddos,301,1,0.9935020631370787,1
friday_ddos,302,1,0.9942820063983187,1
friday_ddos,303,1,0.9974500120319924,1
friday_ddos,304,1,0.9992893758759833,1
friday_ddos,305,1,0.9996526945109488,1
friday_ddos,306,1,0.9997608596592862,1
friday_ddos,307,1,0.9997416569898502,1
friday_ddos,308,1,0.9998081257859514,1
friday_ddos,309,1,0.9995927090110691,1
friday_ddos,310,0,0.9993198524899628,1
friday_ddos,311,0,0.9986970403919422,1
friday_ddos,312,0,0.9064494617708271,1
friday_ddos,313,0,0.7026560428560397,1
friday_ddos,314,0,0.6766788045457987,1
friday_ddos,315,1,0.8472649516440816,1
friday_ddos,316,1,0.9920604649104351,1
friday_ddos,317,1,0.997049619499593,1
friday_ddos,318,1,0.9991824222980831,1
friday_ddos,319,1,0.9990783140130273,1
friday_ddos,320,1,0.9990086280476483,1
friday_ddos,321,1,0.9992506988977363,1
friday_ddos,322,1,0.999573612324222,1
friday_ddos,323,1,0.9997423319107949,1
friday_ddos,324,1,0.9997701392090068,1
friday_ddos,325,1,0.9997564949172278,1
friday_ddos,326,1,0.9997277246480416,1
friday_ddos,327,1,0.9998099896785007,1
friday_ddos,328,1,0.9997625383199678,1
friday_ddos,329,0,0.9980049357051347,1
friday_ddos,330,0,0.9101999147485172,1
friday_ddos,331,0,0.3689260933286329,0
friday_ddos,332,0,0.49078895231847036,0
friday_ddos,333,1,0.6595427342851331,1
friday_ddos,334,1,0.913459932256741,1
friday_ddos,335,1,0.9504026325307359,1
friday_ddos,336,1,0.9878054110879679,1
friday_ddos,337,1,0.9938745615755403,1
friday_ddos,338,1,0.994712422460276,1
friday_ddos,339,1,0.9956840642811318,1
friday_ddos,340,1,0.9986367850102953,1
friday_ddos,341,1,0.9994089133652757,1
friday_ddos,342,1,0.9996656238664855,1
friday_ddos,343,1,0.9997222828271434,1
friday_ddos,344,1,0.9997412154652743,1
friday_ddos,345,1,0.9998049304376575,1
friday_ddos,346,1,0.9986150012341856,1
friday_ddos,347,0,0.9991053724732466,1
friday_ddos,348,0,0.9995609307357922,1
friday_ddos,349,0,0.9997505349662397,1
friday_ddos,350,0,0.999351450404975,1
friday_ddos,351,0,0.9927761889455802,1
friday_ddos,352,0,0.5813214468690693,1
friday_ddos,353,0,0.14453709689342417,0
friday_ddos,354,0,0.3057693112202759,0
friday_ddos,355,1,0.01188888996309492,0
friday_ddos,356,1,0.20388494221618478,0
friday_ddos,357,1,0.10450447205514637,0
friday_ddos,358,1,0.22789953901071888,0
friday_ddos,359,1,0.6094403322781076,1
friday_ddos,360,1,0.7729342242739716,1
friday_ddos,361,1,0.9389975732727196,1
friday_ddos,362,1,0.9976958767173147,1
friday_ddos,363,1,0.9975465524902387,1
friday_ddos,364,1,0.9992230648356383,1
friday_ddos,365,1,0.9995532087920435,1
friday_ddos,366,1,0.9995673914520203,1
friday_ddos,367,1,0.9997946681598069,1
friday_ddos,368,1,0.9997067550380747,1
friday_ddos,369,0,0.9996249506729393,1
friday_ddos,370,0,0.9978057775146872,1
friday_ddos,371,0,0.7960580464115986,1
friday_ddos,372,0,0.592986084033103,1
friday_ddos,373,0,0.422348325872703,0
friday_ddos,374,1,0.48178435732228214,0
friday_ddos,375,1,0.6821026276713062,1
friday_ddos,376,1,0.620916971952994,1
friday_ddos,377,1,0.9071320909997475,1
friday_ddos,378,1,0.9566366092655583,1
friday_ddos,379,1,0.9951811322262244,1
friday_ddos,380,1,0.9997610668147745,1
friday_ddos,381,1,0.9997636719482469,1
friday_ddos,382,1,0.9997405589764974,1
friday_ddos,383,1,0.9997029805574865,1
friday_ddos,384,1,0.9996780112291063,1
friday_ddos,385,1,0.9997657641232489,1
friday_ddos,386,1,0.9997597663167697,1
friday_ddos,387,0,0.9991837114997547,1
friday_ddos,388,0,0.9929966403292303,1
friday_ddos,389,0,0.44750817878934285,0
friday_ddos,390,0,0.6515520587089221,1
friday_ddos,391,0,0.6564377521945957,1
friday_ddos,392,1,0.8816855490009211,1
friday_ddos,393,1,0.8380690084472253,1
friday_ddos,394,1,0.9685164062229963,1
friday_ddos,395,1,0.7851058740019435,1
friday_ddos,396,0,0.6654875698408711,1
friday_ddos,397,0,0.7189848071234314,1
friday_ddos,398,0,0.71226231884155,1
friday_ddos,399,0,0.7810110209001946,1
friday_ddos,400,0,0.9148061646578715,1
friday_ddos,401,0,0.8894206586265736,1
friday_ddos,402,0,0.36502053351779606,0
friday_ddos,403,0,0.2757138167610249,0
friday_ddos,404,0,0.7343157603712519,1
friday_ddos,405,0,0.5639030363406949,1
friday_ddos,406,0,0.6313679518013282,1
friday_ddos,407,0,0.19959610532884806,0
friday_ddos,408,0,0.2267018082440253,0
friday_ddos,409,0,0.05529560384330666,0
friday_ddos,410,0,0.010738365615593314,0
friday_ddos,411,0,0.0093146149771904,0
friday_ddos,412,0,0.0355067017016653,0
friday_ddos,413,0,0.3239404613857782,0
friday_ddos,414,0,0.41543293027010475,0
friday_ddos,415,0,0.1760781092412514,0
friday_ddos,416,0,0.021016337502482548,0
friday_ddos,417,0,0.0011319419363078178,0
friday_ddos,418,0,0.0021327768134274945,0
friday_ddos,419,0,0.0014212014701230724,0
friday_ddos,420,0,0.00039366625917945246,0
friday_ddos,421,0,0.0020592866147693574,0
friday_ddos,422,0,0.0013805480939939124,0
friday_ddos,423,0,0.0006030212087253615,0
friday_ddos,424,0,0.00040832542132382735,0
friday_ddos,425,0,0.00035443579425862345,0
friday_ddos,426,0,0.000795230910745325,0
friday_ddos,427,0,0.002029156287638197,0
friday_ddos,428,0,0.00274279942088392,0
friday_ddos,429,0,0.0005846565148922804,0
friday_ddos,430,0,0.0009410026949416177,0
friday_ddos,431,0,0.0003604158030050943,0
friday_ddos,432,0,0.0005155000146892501,0
friday_ddos,433,0,0.001879433984176148,0
friday_ddos,434,0,0.0006906451178383063,0
friday_ddos,435,0,0.004764035335011748,0
friday_ddos,436,0,0.10732483385242488,0
friday_ddos,437,0,0.22632327884786677,0
friday_ddos,438,0,0.001621020168837904,0
friday_ddos,439,0,0.03983945523799828,0
friday_ddos,440,0,0.016067986822424565,0
friday_ddos,441,0,0.043586428272120004,0
friday_ddos,442,0,0.09989325596584349,0
friday_ddos,443,0,0.0058047304974659895,0
friday_ddos,444,0,0.02513547527175511,0
friday_ddos,445,0,0.005386023039313891,0
friday_ddos,446,0,0.0011807305517737888,0
friday_ddos,447,0,0.0004496922871546974,0
friday_ddos,448,0,0.001773947853807222,0
friday_ddos,449,0,0.0005523243768311085,0
friday_ddos,450,0,0.0010312661298532216,0
