window_id,packet_rate,byte_rate,unique_dst_ips,unique_dst_ports,syn_ack_ratio,avg_pkt_size,dst_port_entropy,failed_conn_rate,src_ip_flag,attack_type,label_attack_now,attack_fraction
0,62669.94103470395,1583002.1015229977,78,78,0.23076923076923078,581.3165838108999,2.6506117798563293,0.0,,none,0,0.0
1,3362.307448153212,203682.36143727624,3,3,0.29411764705882354,122.65606085102,0.9722286472546223,0.0,,none,0,0.0
2,5558.435315072432,362505.7798310116,4,4,0.15384615384615385,136.67023790358002,1.3692484346683091,0.0,,none,0,0.0
3,99039.3094854411,1475983.6598085323,227,227,0.16776315789473684,124.24518723718799,5.4644259318712685,0.0,,none,0,0.0
4,9796.195147292376,397303.9246501428,5,5,0.13157894736842105,145.65024103822,1.5529310799435745,0.0,,none,0,0.0
5,8916.94907761668,356262.2410591364,4,4,0.17708333333333334,283.18883096159004,1.5396858104909978,0.0,,none,0,0.0
6,23589.770751761436,554907.8329578674,83,83,0.2421875,137.74205320092,2.7113180055941037,0.0,,none,0,0.0
7,96364.73474861895,2660622.55543626,207,207,0.16666666666666666,72.84182838769999,5.593966292534947,0.0,,none,0,0.0
8,50239.94218863684,864756.4777510023,78,78,0.24475524475524477,104.87843461252999,2.9878412254373603,0.0,,none,0,0.0
9,13916.870278729115,620018.402129076,15,15,0.4166666666666667,142.779533198286,1.441092891215278,0.0,,none,0,0.0
10,88226.54618196662,1138917.0587434615,176,176,0.20465116279069767,103.37858044485999,4.4878244318663905,0.0,,none,0,0.0
11,11864.423448412272,758193.862555732,13,13,0.27884615384615385,177.35035757008,1.839226952705888,0.0,,none,0,0.0
12,55294.362724842766,1404134.1017734008,142,142,0.1574074074074074,85.8450190849,3.812468602376085,0.0,,none,0,0.0
13,68632.13355344467,1626235.5203128573,114,114,0.2346368715083799,105.58449512074199,3.5727261916248225,0.0,,none,0,0.0
14,16913.18865036373,598415.3330509171,31,31,0.36036036036036034,126.98263313025201,1.914986320600821,0.0,,none,0,0.0
15,52316.91247294535,1169990.2819843616,68,68,0.35802469135802467,155.72276153126,2.67439168401925,0.0,,none,0,0.0
16,24596.185946831396,725540.2943436293,80,80,0.18095238095238095,143.02931520005998,2.869599864794929,0.0,,none,0,0.0
17,32134.685946739748,660506.5314676317,62,62,0.13793103448275862,99.09985611873999,2.4937730365849333,0.002,,none,0,0.0
18,27388.078541262556,819554.9537470764,67,67,0.2727272727272727,136.244521702044,2.549513639658751,0.0,,none,0,0.0
19,51148.28091646677,942415.0302926518,106,106,0.13548387096774195,106.99010565947401,3.2153814746870673,0.0,,none,0,0.0
20,67168.31456768136,1603965.1924838792,144,144,0.18274111675126903,112.97626966224,3.972485146041203,0.0,,none,0,0.0
21,15890.213356143504,693063.5315897294,9,9,0.3181818181818182,149.61462009474002,1.1079034571224406,0.0,,none,0,0.0
22,24816.29682704742,630288.7016816809,74,74,0.13043478260869565,174.72217991728002,2.8853853976550945,0.0,,none,0,0.0
23,95914.72178278242,1575112.2921809794,98,98,0.3090909090909091,118.209263812734,3.094700546348799,0.0,,none,0,0.0
24,45998.406410797805,1533891.4474659676,113,113,0.17333333333333334,128.33625105069999,3.4976040729239593,0.0,,none,0,0.0
25,13506.446773848675,682685.1419808521,13,13,0.09090909090909091,133.1854900935,1.7798149986433958,0.0,,none,0,0.0
26,102450.9582475913,2333519.206291373,157,157,0.16019417475728157,90.73287749627201,4.315724562068412,0.004,,none,0,0.0
27,43322.582502198165,1345792.6045482846,75,75,0.2671232876712329,127.30154659584002,3.1163721634163526,0.0,,none,0,0.0
28,20849.61094346702,558901.8291040377,39,39,0.06896551724137931,95.50145166931601,1.8612896669324202,0.0,,none,0,0.0
29,67820.15324238261,1534490.0160886887,100,100,0.1347517730496454,107.168426492384,3.523928850227583,0.0,,none,0,0.0
30,37516.49784850657,1281359.6990400252,45,45,0.20388349514563106,160.40790071666,2.6973175044989035,0.0,,none,0,0.0
31,47353.72274706571,1255765.4168350438,107,107,0.1910828025477707,125.07104624792001,3.504829441869872,0.0,,none,0,0.0
32,6192.49870564254,332663.89576045773,5,5,0.013333333333333334,124.42126136242,1.5676078620727631,0.0,,none,0,0.0
33,42015.11923413833,1696618.4735488314,83,83,0.15492957746478872,136.49060913843002,3.1476945418561324,0.0,,none,0,0.0
34,30635.568491764956,1148337.8207092595,57,57,0.10752688172043011,76.368283499296,1.9736485715213705,0.0,,none,0,0.0
35,26790.846847852707,953387.376275856,36,36,0.18421052631578946,152.066759311962,2.4539694999061252,0.002,,none,0,0.0
36,76746.53014688974,1563379.6912731638,126,126,0.3397129186602871,65.59906547008,3.711490236828169,0.0,,none,0,0.0
37,30219.928075959728,1390236.7973152874,42,42,0.06097560975609756,257.73701361918,2.197201117978968,0.0,,none,0,0.258
38,1545.7703778194177,69806.92332627632,1,1,0.0044444444444444444,797.60505881,-1.4428232973175175e-12,0.0,,ddos,1,1.0
39,30.537410079512004,41713.90118732248,1,1,0.00411522633744856,718.7376477319999,-1.4428232973175175e-12,0.0,,ddos,1,1.0
40,139.2376965055,30685.583856286474,1,1,0.0047169811320754715,940.5549283572,-1.4428232973175175e-12,0.0,,ddos,1,1.0
41,70.19695585049,99244.53903599242,1,1,0.00423728813559322,1154.8336686257999,-1.4428232973175175e-12,0.0,,ddos,1,1.0
42,7039.932554179533,129910.66036031826,16,16,0.02702702702702703,812.5948068003999,1.5190981443003735,0.0,,ddos,1,0.618
43,8096.16208130672,753175.391335957,10,10,0.13513513513513514,150.84875152733997,1.5506729595329563,0.0,,none,0,0.0
44,39549.29851372653,694377.4207103234,269,269,0.10309278350515463,230.469640559764,5.878940501030496,0.002,,none,0,0.0
45,16642.347238408533,285568.6851141038,36,36,0.04819277108433735,744.6119357513201,0.758176161711171,0.0,,ddos,1,0.926
46,48.909217029682,66004.11559976415,1,1,0.004629629629629629,835.369192112,-1.4428232973175175e-12,0.0,,ddos,1,1.0
47,550.330987766494,248452.37641830117,1,1,0.0049504950495049506,892.501285394,-1.4428232973175175e-12,0.0,,ddos,1,1.0
48,185.30228441184,27243.349961725435,1,1,0.0049261083743842365,883.121001644,-1.4428232973175175e-12,0.0,,ddos,1,1.0
49,12.379202681904001,15194.68155492864,1,1,0.004524886877828055,815.869664344,-1.4428232973175175e-12,0.0,,ddos,1,1.0
50,19.07100983944,26196.781059629844,1,1,0.004784688995215311,847.645667536,-1.4428232973175175e-12,0.0,,ddos,1,1.0
51,49.76791124645399,63462.55087058366,1,1,0.005,871.564561164,-1.4428232973175175e-12,0.0,,ddos,1,1.0
52,59.10037742713799,81599.60389920317,1,1,0.004651162790697674,842.483077816,-1.4428232973175175e-12,0.0,,ddos,1,1.0
53,487.21437455431,76684.85127100149,1,1,0.004761904761904762,847.8525810000001,-1.4428232973175175e-12,0.0,,ddos,1,1.0
54,18.852191683388003,25504.96128206651,1,1,0.004608294930875576,830.819979426,-1.4428232973175175e-12,0.0,,ddos,1,1.0
55,11.292165831314,14782.625488098425,1,1,0.0037593984962406013,682.4722234879999,-1.4428232973175175e-12,0.0,,ddos,1,1.0
56,26.843827384917997,38027.662919978306,1,1,0.00423728813559322,1136.0565052294,-1.4428232973175175e-12,0.0,,ddos,1,1.0
57,43.242944609076005,62672.61120755281,1,1,0.004484304932735426,1198.5788645848,-1.4428232973175175e-12,0.0,,ddos,1,1.0
58,46.964580950594,68525.3447472038,1,1,0.004784688995215311,1218.0742674596,-1.4428232973175175e-12,0.0,,ddos,1,1.0
59,18.095750370473997,26529.514632116803,1,1,0.004975124378109453,1228.3532689569997,-1.4428232973175175e-12,0.0,,ddos,1,1.0
60,9.378786012888,13721.357220454998,1,1,0.004739336492890996,1226.373966043,-1.4428232973175175e-12,0.0,,ddos,1,1.0
61,14916.12643786956,669551.8578993205,17,17,0.03164556962025317,718.19683354882,1.178460047648538,0.0,,ddos,1,0.562
62,14436.014518096928,935087.2293454054,7,7,0.028985507246376812,94.13067344647999,1.262088596390308,0.0,,none,0,0.0
63,4890.914523842127,256970.03042910056,233,233,0.08856088560885608,259.09206353376004,5.422358316229736,0.0,,none,0,0.0
64,7.064105829348,5394.394969781568,498,498,0.16766467065868262,366.730514394546,8.957784283943624,0.0,,none,0,0.0
65,3.273987740644,2396.116402951164,493,493,0.17165668662674652,382.551475035718,8.937784283950837,0.0,,none,0,0.0
66,22068.635942050867,257002.3781066326,317,317,0.09390862944162437,435.920761511344,6.357639433582904,0.0,,none,0,0.344
67,822.8964132078942,231736.21996191927,1,1,0.004761904761904762,853.696868312,-1.4428232973175175e-12,0.0,,ddos,1,1.0
68,47.62120856153,65751.76575604628,1,1,0.004761904761904762,854.600388148,-1.4428232973175175e-12,0.0,,ddos,1,1.0
69,27.825905618382,35371.09116057907,1,1,0.004629629629629629,833.47109608,-1.4428232973175175e-12,0.0,,ddos,1,1.0
70,12.066856323863998,16180.02970776501,1,1,0.004878048780487805,869.35149688,-1.4428232973175175e-12,0.0,,ddos,1,1.0
71,8.84655651648,11732.002870697155,1,1,0.004219409282700422,762.815476686,-1.4428232973175175e-12,0.0,,ddos,1,1.0
72,73.530752592486,441.18451559470606,1,1,0.001996007984031936,7.3456,-1.4428232973175175e-12,0.0,,ddos,1,1.0
73,119.535041296068,80650.49084455485,1,1,0.001996007984031936,29.2942025642,-1.4428232973175175e-12,0.0,,ddos,1,1.0
74,8.078177652456,11070.022477831842,1,1,0.00303951367781155,788.5176946252,-1.4428232973175175e-12,0.0,,ddos,1,1.0
75,44.94403941902,64303.867634801194,1,1,0.00510204081632653,1236.0938467544001,-1.4428232973175175e-12,0.0,,ddos,1,1.0
76,45.817269605076,65516.4038100896,1,1,0.004784688995215311,1201.8354896264002,-1.4428232973175175e-12,0.0,,ddos,1,1.0
77,232.73903399910395,75248.974995784,1,1,0.005,1213.6757974102,-1.4428232973175175e-12,0.0,,ddos,1,1.0
78,12.360260722245998,17552.250943525003,1,1,0.005050505050505051,1210.8757391808,-1.4428232973175175e-12,0.0,,ddos,1,1.0
79,10923.911973489276,246524.85724082202,31,31,0.04854368932038835,1009.5330710928599,1.3102451864457663,0.0,,ddos,1,0.808
80,12182.490521103051,357009.57947264204,6,6,0.2441860465116279,140.93622096254,1.5285022443589769,0.0,,none,0,0.0
81,10502.602505285411,142034.65699916985,3,3,0.012195121951219513,125.47763595482,1.4759285234928852,0.0,,none,0,0.0
82,3881.4825835432816,351393.42330653826,133,133,0.18840579710144928,180.56901070405002,3.1453507050386267,0.0,,none,0,0.0
83,7.921879201444,4062.5443731726223,493,493,0.22355289421157684,412.131099522576,8.937784283950837,0.0,,none,0,0.0
84,5.718059026314,6169.83906730979,491,491,0.1656686626746507,388.76736081820803,8.929784283953722,0.0,,none,0,0.0
85,33581.88435418812,572714.9185990882,464,464,0.13052631578947368,287.71439813171594,8.7425650030438,0.0,,none,0,0.0
86,19714.825761553995,228569.75825280554,40,40,0.013043478260869565,786.10791673066,0.8570736147075784,0.0,,ddos,1,0.916
87,1074.72407199984,70183.03340801127,1,1,0.004761904761904762,850.5452913360001,-1.4428232973175175e-12,0.0,,ddos,1,1.0
88,41.020433903422,55504.35398582052,1,1,0.004524886877828055,817.406484186,-1.4428232973175175e-12,0.0,,ddos,1,1.0
89,42.06959644728,56572.488501753214,1,1,0.004694835680751174,843.8428571919999,-1.4428232973175175e-12,0.0,,ddos,1,1.0
90,2038.7310029247801,75246.45989998561,1,1,0.004464285714285714,811.328281806,-1.4428232973175175e-12,0.0,,ddos,1,1.0
91,261.843414317274,1737.499921573404,1,1,0.001996007984031936,109.72409793879999,-1.4428232973175175e-12,0.0,,ddos,1,1.0
92,46.892317146016,423.0253050055159,1,1,0.001996007984031936,98.59108418299999,-1.4428232973175175e-12,0.0,,ddos,1,1.0
93,512.8803652126021,9074.671449675732,1,1,0.0026666666666666666,564.8417537217999,-1.4428232973175175e-12,0.0,,ddos,1,1.0
94,29.562933500954,43350.0160144748,1,1,0.004830917874396135,1217.8665615629998,-1.4428232973175175e-12,0.0,,ddos,1,1.0
95,125.43379348907199,50100.68545830139,1,1,0.004484304932735426,1203.7577503312,-1.4428232973175175e-12,0.0,,ddos,1,1.0
96,39.635037483118,57164.276878707,1,1,0.004629629629629629,1199.7095348767998,-1.4428232973175175e-12,0.0,,ddos,1,1.0
97,54.929931617390004,81585.83879191199,1,1,0.004975124378109453,1241.4925253634,-1.4428232973175175e-12,0.0,,ddos,1,1.0
98,34.475869035138,49594.630187812,1,1,0.004739336492890996,1203.4420490197997,-1.4428232973175175e-12,0.0,,ddos,1,1.0
99,25180.520131533147,700199.4538551335,46,46,0.029197080291970802,415.6189239433599,1.8484162050200235,0.0,,none,0,0.298
100,10372.996822724484,607129.853196939,4,4,0.16216216216216217,107.68187769346001,1.301109412021912,0.0,,none,0,0.0
101,11972.035119607139,386594.09673544025,176,176,0.08171206225680934,182.848535741808,4.595782412507257,0.0,,none,0,0.0
102,2.137803372428,2019.0646466456606,492,492,0.1596806387225549,400.313141957406,8.93378428395228,0.0,,none,0,0.0
103,4.133246564416,2381.3678184301566,496,496,0.08982035928143713,353.465290014232,8.949784283946508,0.0,,none,0,0.0
104,38563.139811426314,847520.9294178333,306,306,0.18862275449101795,254.37861967632003,6.5857984898310065,0.0,,none,0,0.0
105,26508.487055698806,578777.4047421627,44,44,0.08823529411764706,756.34362227334,0.9227365956702949,0.0,,ddos,1,0.91
106,16.11765628811,22020.87324755943,1,1,0.005235602094240838,904.077468324,-1.4428232973175175e-12,0.0,,ddos,1,1.0
107,275.6949345304539,85360.7142715341,1,1,0.005,872.171372724,-1.4428232973175175e-12,0.0,,ddos,1,1.0
108,49.939965360074,61733.32505823451,1,1,0.0045045045045045045,830.416671476,-1.4428232973175175e-12,0.0,,ddos,1,1.0
109,44.592221903550005,64077.17779564862,1,1,0.004651162790697674,832.3262540239999,-1.4428232973175175e-12,0.0,,ddos,1,1.0
110,2.7231348921059997,2324.1453117776978,1,1,0.002183406113537118,200.2900590438,-1.4428232973175175e-12,0.0,,ddos,1,1.0
111,67.628874962974,30463.133772727084,1,1,0.001996007984031936,38.0027896198,-1.4428232973175175e-12,0.0,,ddos,1,1.0
112,26.631703799613998,31185.90546185533,1,1,0.002631578947368421,547.079758051,-1.4428232973175175e-12,0.0,,ddos,1,1.0
113,51.291133979014006,74510.7284954776,1,1,0.0045662100456621,1203.0420296338,-1.4428232973175175e-12,0.0,,ddos,1,1.0
114,881.1031685082058,39442.8729888566,1,1,0.004878048780487805,1213.8639142597997,-1.4428232973175175e-12,0.0,,ddos,1,1.0
115,13.760441014418,19805.1764250302,1,1,0.005076142131979695,1221.1059894155999,-1.4428232973175175e-12,0.0,,ddos,1,1.0
116,51.00362486236,73833.6463723158,1,1,0.004524886877828055,1192.3772134003998,-1.4428232973175175e-12,0.0,,ddos,1,1.0
117,50.98340618084,74160.6018612862,1,1,0.0053475935828877,1251.3053306868,-1.4428232973175175e-12,0.0,,ddos,1,1.0
118,11661.386889876954,251301.5264435456,39,39,0.12844036697247707,311.29230794636,2.1997546428551873,0.0,,none,0,0.154
119,37968.252545066694,860726.0996336471,50,50,0.23148148148148148,162.31556527968797,2.4937373345350937,0.0,,none,0,0.0
120,3.337083996712,2990.5212368097204,486,486,0.19560878243512975,376.30403876509007,8.909784283960935,0.0,,none,0,0.0
121,2.0174605500719998,1577.015499155262,487,487,0.1377245508982036,404.030088308614,8.913784283959494,0.0,,none,0,0.0
122,3.2165273298519996,2477.613478253336,495,495,0.1936127744510978,422.837946626406,8.945784283947953,0.0,,none,0,0.0
123,44324.64427844578,484734.3485749397,145,145,0.06557377049180328,556.5008916274801,3.2964627480290227,0.0,,ddos,1,0.654
124,38.284883882234006,54391.14015567838,1,1,0.004366812227074236,796.1544857659999,-1.4428232973175175e-12,0.0,,ddos,1,1.0
125,69.493092245394,94272.6307560085,1,1,0.00423728813559322,766.4716746500001,-1.4428232973175175e-12,0.0,,ddos,1,1.0
126,145.95513783293404,150186.74370592143,1,1,0.004694835680751174,844.221374654,-1.4428232973175175e-12,0.0,,ddos,1,1.0
127,60.550357761546,89486.16789104995,1,1,0.0045871559633027525,839.652766694,-1.4428232973175175e-12,0.0,,ddos,1,1.0
128,122.15503122923798,130137.31092937979,1,1,0.0047169811320754715,860.5703795198001,-1.4428232973175175e-12,0.0,,ddos,1,1.0
129,43.997592503990006,263.985554943708,1,1,0.001996007984031936,7.344200000000001,-1.4428232973175175e-12,0.0,,ddos,1,1.0
130,92.15760486934799,58865.02292479069,1,1,0.001996007984031936,19.605058974600002,-1.4428232973175175e-12,0.0,,ddos,1,1.0
131,30.934133023972002,43434.31975217343,1,1,0.003134796238244514,754.8465554092,-1.4428232973175175e-12,0.0,,ddos,1,1.0
132,48.759127742214,69978.1628649984,1,1,0.004629629629629629,1201.494879208,-1.4428232973175175e-12,0.0,,ddos,1,1.0
133,61.732696020082,89935.5465545036,1,1,0.0043859649122807015,1191.3103818666,-1.4428232973175175e-12,0.0,,ddos,1,1.0
134,118.27647638735598,135949.2104432132,1,1,0.004310344827586207,1182.7759514997997,-1.4428232973175175e-12,0.0,,ddos,1,1.0
135,290.77827313926,183958.8508793742,1,1,0.0044444444444444444,1207.7654305122,-1.4428232973175175e-12,0.0,,ddos,1,1.0
136,97.398050341146,143646.2809305278,1,1,0.004975124378109453,1239.317301143,-1.4428232973175175e-12,0.0,,ddos,1,1.0
137,20625.930061280436,667648.173978486,17,17,0.009708737864077669,420.72292805648,1.3110405672965262,0.0,,none,0,0.3
138,17736.82096862305,817073.1905009195,9,9,0.3235294117647059,107.22372287422,1.6768019646408323,0.0,,none,0,0.0
139,32.764376194292,5565.9842655065395,453,453,0.07472527472527472,337.869334338784,8.459517505338876,0.0,,none,0,0.0
140,9.382202004526,8265.531732729125,498,498,0.3013972055888224,403.230434980202,8.957784283943624,0.0,,none,0,0.0
141,31614.44792092722,585800.2475908148,413,413,0.18262806236080179,300.87341544177804,8.146951712126103,0.0,,none,0,0.098
142,225.718553877476,95777.560145307,1,1,0.0045871559633027525,831.03646196,-1.4428232973175175e-12,0.0,,ddos,1,1.0
143,88.96742069654,79971.90751736458,1,1,0.004608294930875576,819.332689746,-1.4428232973175175e-12,0.0,,ddos,1,1.0
144,80.92202647201199,108490.00050598162,1,1,0.004219409282700422,772.42108972,-1.4428232973175175e-12,0.0,,ddos,1,1.0
145,66.37835636825999,89326.13019136485,1,1,0.004524886877828055,810.3675461,-1.4428232973175175e-12,0.0,,ddos,1,1.0
146,353.10525182517995,51137.30922349861,1,1,0.004524886877828055,807.1473722939999,-1.4428232973175175e-12,0.0,,ddos,1,1.0
147,15.97622505251,19062.789451775338,1,1,0.0026246719160104987,367.0340145602,-1.4428232973175175e-12,0.0,,ddos,1,1.0
148,2.25503296786,122.85477272132199,1,1,0.001996007984031936,60.0122190814,-1.4428232973175175e-12,0.0,,ddos,1,1.0
149,65.658881286642,7904.950755134287,1,1,0.0020491803278688526,166.5918651774,-1.4428232973175175e-12,0.0,,ddos,1,1.0
150,131.28990842373202,132636.3121507294,1,1,0.004739336492890996,1211.0064167199998,-1.4428232973175175e-12,0.0,,ddos,1,1.0
151,57.868954497228,82206.10848880542,1,1,0.004761904761904762,1206.2119262864,-1.4428232973175175e-12,0.0,,ddos,1,1.0
152,88.532862523024,127093.51603142399,1,1,0.004424778761061947,1185.9009664086002,-1.4428232973175175e-12,0.0,,ddos,1,1.0
153,58.821940203802,83321.0007920252,1,1,0.004761904761904762,1206.6476489314,-1.4428232973175175e-12,0.0,,ddos,1,1.0
154,44.50714111094601,64028.731612305404,1,1,0.004739336492890996,1214.2489647776001,-1.4428232973175175e-12,0.0,,ddos,1,1.0
155,32399.665970611655,496806.4684287791,71,71,0.1076923076923077,859.2549117058679,2.2501300389812506,0.0,,ddos,1,0.68
156,7.332477833094001,4422.741635275793,499,499,0.2275449101796407,401.11339707515003,8.961784283942182,0.0,,none,0,0.0
157,3.065052988944,2651.570552394344,498,498,0.19760479041916168,388.88900874865595,8.957784283943624,0.0,,none,0,0.0
158,31385.649370824292,276623.7829546825,266,266,0.10610079575596817,434.24838909372795,5.801971730019893,0.0,,none,0,0.378
159,42.480884315324005,54768.53788747862,1,1,0.004608294930875576,815.7720358539999,-1.4428232973175175e-12,0.0,,ddos,1,1.0
160,72.01406631977999,102754.01513935711,1,1,0.004629629629629629,840.4186183179999,-1.4428232973175175e-12,0.0,,ddos,1,1.0
161,46.93906807994,63142.08050362219,1,1,0.004366812227074236,804.061950058,-1.4428232973175175e-12,0.0,,ddos,1,1.0
162,49.562346303772,69846.68470456354,1,1,0.004901960784313725,860.670519112,-1.4428232973175175e-12,0.0,,ddos,1,1.0
163,13.466467691332,18910.64008333744,1,1,0.0030303030303030303,504.28255241399995,-1.4428232973175175e-12,0.0,,ddos,1,1.0
164,2200.5386959691414,13347.523185850958,1,1,0.001996007984031936,100.6957805932,-1.4428232973175175e-12,0.0,,ddos,1,1.0
165,1.2307992644380001,214.851385795804,1,1,0.001996007984031936,140.0154449916,-1.4428232973175175e-12,0.0,,ddos,1,1.0
166,172.308067190862,54699.049887177454,1,1,0.002967359050445104,781.6909185267999,-1.4428232973175175e-12,0.0,,ddos,1,1.0
167,54.788688844326,79283.30414427,1,1,0.004524886877828055,1199.4569102981998,-1.4428232973175175e-12,0.0,,ddos,1,1.0
168,205.86888842317794,153748.69614603996,1,1,0.004273504273504274,1188.9055577317997,-1.4428232973175175e-12,0.0,,ddos,1,1.0
169,42.49631131787599,61637.9970630286,1,1,0.004761904761904762,1217.6180466355997,-1.4428232973175175e-12,0.0,,ddos,1,1.0
170,50.819024684826005,74199.7009313172,1,1,0.004830917874396135,1230.1469394328,-1.4428232973175175e-12,0.0,,ddos,1,1.0
171,51.81818485506201,73634.851321474,1,1,0.004629629629629629,1209.8790941686,-1.4428232973175175e-12,0.0,,ddos,1,1.0
172,32373.210374640443,879493.3181774497,27,27,0.1590909090909091,285.27052117912,1.4803142158444162,0.0,,none,0,0.178
173,9745.56058097862,537367.3596350139,198,198,0.24822695035460993,210.10695575748,4.8778736444252795,0.0,,none,0,0.0
174,9.575140624002001,7223.6656426833015,486,486,0.16966067864271456,419.628425470406,8.909784283960935,0.0,,none,0,0.0
175,1.8153875827460002,1338.55651769381,491,491,0.1277445109780439,375.144621394518,8.929784283953722,0.0,,none,0,0.0
176,23489.965588730232,670985.8699244644,91,91,0.10830324909747292,675.3010859957279,2.018139769472169,0.0,,ddos,1,0.798
177,31.714533631426,44823.45767007457,1,1,0.0045662100456621,812.9733730800001,-1.4428232973175175e-12,0.0,,ddos,1,1.0
178,1217.925762981032,49848.23976711015,1,1,0.004629629629629629,830.8173246619999,-1.4428232973175175e-12,0.0,,ddos,1,1.0
179,24.051111334206,33646.578778357834,1,1,0.004629629629629629,827.935139756,-1.4428232973175175e-12,0.0,,ddos,1,1.0
180,16.683377681044,23677.59916161096,1,1,0.00392156862745098,720.915102436,-1.4428232973175175e-12,0.0,,ddos,1,1.0
181,1.272156222438,202.239540330118,1,1,0.001996007984031936,141.92728085679997,-1.4428232973175175e-12,0.0,,ddos,1,1.0
182,2.1273892993200003,249.955237624306,1,1,0.001996007984031936,183.91914352779997,-1.4428232973175175e-12,0.0,,ddos,1,1.0
183,28.174327318122003,39548.934137444565,1,1,0.0028169014084507044,715.0268043561999,-1.4428232973175175e-12,0.0,,ddos,1,1.0
184,41.27072749724201,59138.366617146596,1,1,0.004830917874396135,1213.1830683596,-1.4428232973175175e-12,0.0,,ddos,1,1.0
185,25.949053854747994,37264.0780526022,1,1,0.004739336492890996,1207.0631229904,-1.4428232973175175e-12,0.0,,ddos,1,1.0
186,27.731094082800002,39869.5710843236,1,1,0.004807692307692308,1209.5020163244,-1.4428232973175175e-12,0.0,,ddos,1,1.0
187,27.973301787837997,41167.5547748848,1,1,0.005263157894736842,1235.4476434446,-1.4428232973175175e-12,0.0,,ddos,1,1.0
188,5599.160366283844,260528.6672568221,15,15,0.004975124378109453,1147.4998110105998,0.5611318151423351,0.0,,ddos,1,0.93
189,12072.766278665109,757134.2754392358,311,311,0.20743034055727555,300.80137994456805,6.657253889782286,0.0,,none,0,0.0
190,4.406578001224,5146.880595361072,489,489,0.14770459081836326,376.176082776498,8.921784283956608,0.0,,none,0,0.0
191,4.117133812164,670.96970904219,487,487,0.1317365269461078,421.42589436438203,8.913784283959494,0.0,,none,0,0.0
192,13812.718375080472,339929.40448820114,154,154,0.07692307692307693,824.159647189004,3.5190124825981792,0.0,,ddos,1,0.608
193,121.780678805612,105093.44468763679,1,1,0.004901960784313725,1235.1167007138,-1.4428232973175175e-12,0.0,,ddos,1,1.0
194,69.340088102348,101969.7433987754,1,1,0.0045871559633027525,1219.3748001492,-1.4428232973175175e-12,0.0,,ddos,1,1.0
195,75.479102543656,107459.75701344058,1,1,0.0036231884057971015,1137.0633255704,-1.4428232973175175e-12,0.0,,ddos,1,1.0
196,60.92244880604,88840.92922574839,1,1,0.0035460992907801418,1136.9495177322,-1.4428232973175175e-12,0.0,,ddos,1,1.0
197,293.64474570268203,23722.11704845621,1,1,0.0024937655860349127,544.3317871639998,-1.4428232973175175e-12,0.0,,ddos,1,1.0
198,1208.427419425798,7479.999037011581,1,1,0.001996007984031936,173.97200556299998,-1.4428232973175175e-12,0.0,,ddos,1,1.0
199,6.07907922463,384.976193712072,1,1,0.001996007984031936,237.459602967,-1.4428232973175175e-12,0.0,,ddos,1,1.0
200,5.959117522242,7831.687578087288,1,1,0.0027100271002710027,617.2452691752001,-1.4428232973175175e-12,0.0,,ddos,1,1.0
201,133.179603714754,82122.2149241535,1,1,0.0047169811320754715,861.5008429000001,-1.4428232973175175e-12,0.0,,ddos,1,1.0
202,64.090214696062,91817.80279030747,1,1,0.0045662100456621,818.57636831,-1.4428232973175175e-12,0.0,,ddos,1,1.0
203,99.09543044960802,96888.21601410277,1,1,0.00423728813559322,762.7942055999999,-1.4428232973175175e-12,0.0,,ddos,1,1.0
204,131.484495523638,95171.67404032097,4,4,0.00510204081632653,846.91254989842,0.062424855343403834,0.0,,ddos,1,0.938
205,15277.446372796285,970129.2435347888,4,4,0.10714285714285714,77.14728448514,0.5287059584627707,0.0,,none,0,0.0
206,9986.921928263468,224766.22483659873,294,294,0.1887905604719764,322.20954706392797,6.586314654203207,0.0,,none,0,0.0
207,12.228813596225999,15355.393016906632,498,498,0.1788793103448276,487.447201689668,8.957784283943624,0.0,,none,0,0.0
208,33.01208759376,46142.353726715584,472,472,0.39184952978056425,810.249035178646,8.853784283981135,0.0,,none,0,0.0
209,16500.619431873034,486352.74548417924,223,223,0.10762331838565023,396.7476535210761,4.707914190608042,0.0,,ddos,1,0.518
210,1.0973643836440001,227.76868203876597,1,1,0.001996007984031936,185.4356865156,-1.4428232973175175e-12,0.0,,ddos,1,1.0
211,32.455645342118,47589.138831190925,1,1,0.003278688524590164,1095.5766190632,-1.4428232973175175e-12,0.0,,ddos,1,1.0
212,11.566586402876,16610.325495468598,1,1,0.003861003861003861,1160.8648164524,-1.4428232973175175e-12,0.0,,ddos,1,1.0
213,18.052474706250003,26259.3536538752,1,1,0.004310344827586207,1189.4930017916001,-1.4428232973175175e-12,0.0,,ddos,1,1.0
214,34.915340199835995,50772.7964747444,1,1,0.004201680672268907,1189.0474480762,-1.4428232973175175e-12,0.0,,ddos,1,1.0
215,145.39641150719004,21158.302233108603,1,1,0.004291845493562232,1194.7311506366,-1.4428232973175175e-12,0.0,,ddos,1,1.0
216,9.161891757299998,7460.252309322896,1,1,0.002053388090349076,231.35996818339999,-1.4428232973175175e-12,0.0,,ddos,1,1.0
217,17.186158233240004,23753.011109528292,1,1,0.0025974025974025974,492.0286366808,-1.4428232973175175e-12,0.0,,ddos,1,1.0
218,16.796282023182002,23289.540825834174,1,1,0.0048543689320388345,849.610007206,-1.4428232973175175e-12,0.0,,ddos,1,1.0
219,38.678626054854,52655.7138001412,1,1,0.004784688995215311,850.808992116,-1.4428232973175175e-12,0.0,,ddos,1,1.0
220,26.262514820674,36162.251393242484,1,1,0.0048543689320388345,854.822392118,-1.4428232973175175e-12,0.0,,ddos,1,1.0
221,4592.64985952266,217259.06657012718,77,77,0.0916030534351145,535.4992215314161,2.829680866157892,0.0,,none,0,0.396
222,15.278468511405999,20695.772471473025,451,451,0.16483516483516483,689.8958822441899,8.769784284011429,0.0,,none,0,0.0
223,6.048181488626,7071.535155880514,462,462,0.0775,597.93985317735,8.813784283995561,0.0,,none,0,0.0
224,17.900836205404,20025.42340185801,465,465,0.2004950495049505,638.021246452986,8.825784283991233,0.0,,none,0,0.0
225,14543.342593518875,326913.21216441947,415,415,0.215,532.897504973412,8.386786135975147,0.0,,none,0,0.07
226,1.473526974284,205.818765457946,1,1,0.001996007984031936,155.19343916319997,-1.4428232973175175e-12,0.0,,ddos,1,1.0
227,2229.618645251904,25660.71416015265,1,1,0.002004008016032064,142.8106292258,-1.4428232973175175e-12,0.0,,ddos,1,1.0
228,5.838585203459999,7275.348380377324,1,1,0.002173913043478261,372.21639624359995,-1.4428232973175175e-12,0.0,,ddos,1,1.0
229,41.732348833648004,60734.27646090339,1,1,0.004032258064516129,1174.6865037422,-1.4428232973175175e-12,0.0,,ddos,1,1.0
230,25.57211864108,37268.9741205356,1,1,0.003937007874015748,1165.7632578456,-1.4428232973175175e-12,0.0,,ddos,1,1.0
231,9.715296960785999,14242.745636852202,1,1,0.004219409282700422,1195.3430223372,-1.4428232973175175e-12,0.0,,ddos,1,1.0
232,25.689398766714003,37562.470958714395,1,1,0.004016064257028112,1164.7858099824002,-1.4428232973175175e-12,0.0,,ddos,1,1.0
233,37.03766779213,52824.62585659946,1,1,0.004,1039.7998806736002,-1.4428232973175175e-12,0.0,,ddos,1,1.0
234,42.345669434582,58146.97178965861,1,1,0.005076142131979695,874.291867532,-1.4428232973175175e-12,0.0,,ddos,1,1.0
235,38.10356804137,51245.74753018024,1,1,0.005154639175257732,898.744215934,-1.4428232973175175e-12,0.0,,ddos,1,1.0
236,37.907391307172,46419.74147853622,1,1,0.0045871559633027525,831.6040659299999,-1.4428232973175175e-12,0.0,,ddos,1,1.0
237,46.85330096374,66280.26070129221,1,1,0.0044444444444444444,786.5650691239999,-1.4428232973175175e-12,0.0,,ddos,1,1.0
238,21192.895366195145,993755.2194512392,10,10,0.05555555555555555,123.65214988365999,0.7674329521149577,0.0,,none,0,0.036
239,10600.490175927886,435304.8746537851,125,125,0.25268817204301075,255.29185839734396,3.8136314101855415,0.0,,none,0,0.0
240,20.594029091343998,28529.128922025306,478,478,0.17073170731707318,676.2908987840399,8.877784283972478,0.0,,none,0,0.0
241,16.130170514644,17036.605934845647,479,479,0.11302211302211303,568.184593500332,8.881784283971037,0.0,,none,0,0.0
242,16.532538710938,19738.558465788097,474,474,0.09536082474226804,627.208944223444,8.861784283978249,0.0,,none,0,0.0
243,40581.38618226972,833383.009610204,250,250,0.11737089201877934,348.104760090232,5.319553864637639,0.0,,none,0,0.444
244,0.8217992939579999,144.1195269258,1,1,0.001996007984031936,98.82089890319997,-1.4428232973175175e-12,0.0,,ddos,1,1.0
245,1.7686068473999998,117.05790236588402,1,1,0.001996007984031936,64.71895461239998,-1.4428232973175175e-12,0.0,,ddos,1,1.0
246,587.956222096522,173858.9879207196,1,1,0.002881844380403458,820.6823383120001,-1.4428232973175175e-12,0.0,,ddos,1,1.0
247,59.374259862745994,85077.2367185912,1,1,0.003787878787878788,1150.9423291703997,-1.4428232973175175e-12,0.0,,ddos,1,1.0
248,48.323148896473995,69510.4220831366,1,1,0.004032258064516129,1182.2763299417998,-1.4428232973175175e-12,0.0,,ddos,1,1.0
249,23.941214641556,34344.551052795796,1,1,0.003703703703703704,1140.9309928786001,-1.4428232973175175e-12,0.0,,ddos,1,1.0
250,23.68864576472,34167.9198840376,1,1,0.003663003663003663,1144.6470896533997,-1.4428232973175175e-12,0.0,,ddos,1,1.0
251,71.083950092468,97279.41514780573,1,1,0.004166666666666667,829.089570999,-1.4428232973175175e-12,0.0,,ddos,1,1.0
252,64.202513256694,88460.43725427831,1,1,0.004672897196261682,850.6680881359999,-1.4428232973175175e-12,0.0,,ddos,1,1.0
253,44.32831844275601,63042.71125605156,1,1,0.004608294930875576,832.834284974,-1.4428232973175175e-12,0.0,,ddos,1,1.0
254,25.42936345281,34337.429437217055,1,1,0.004761904761904762,835.330426264,-1.4428232973175175e-12,0.0,,ddos,1,1.0
255,35.403967489977994,45993.8755595756,1,1,0.0047169811320754715,838.5773191100001,-1.4428232973175175e-12,0.0,,ddos,1,1.0
256,29529.9942392865,1385134.5718221231,212,212,0.1925133689839572,497.312270621448,5.313373522741788,0.002,,none,0,0.166
257,31.502753083808003,42882.18590173403,477,477,0.22788203753351208,681.96479379241,8.873784283973922,0.0,,none,0,0.0
258,22.508508258065998,31624.506569286474,469,469,0.1184573002754821,613.8620515684619,8.841784283985461,0.0,,none,0,0.0
259,2744.124026353484,168613.53686107096,460,460,0.12222222222222222,592.54648890227,8.80427450899412,0.0,,none,0,0.0
260,13637.760188755195,563725.0559117327,13,13,0.038461538461538464,149.00981227123998,1.6869422649231083,0.0,,none,0,0.0
261,36974.8154072378,839296.4795722004,76,76,0.04155844155844156,42.6553528706,2.4276140094781824,0.0,,ddos,1,0.61
262,2.7795393724859996,16.677236235804,1,1,0.001996007984031936,7.3386000000000005,-1.4428232973175175e-12,0.0,,ddos,1,1.0
263,124.52420277575398,6967.089760103677,1,1,0.0022371364653243847,292.4053438508,-1.4428232973175175e-12,0.0,,ddos,1,1.0
264,644.3169872753219,158825.91344614138,1,1,0.0037735849056603774,1156.7824508130002,-1.4428232973175175e-12,0.0,,ddos,1,1.0
265,19.982414733678002,28883.135417123398,1,1,0.003968253968253968,1166.6842730436,-1.4428232973175175e-12,0.0,,ddos,1,1.0
266,18.38894244458,25539.5080046134,1,1,0.004098360655737705,1164.9867721638,-1.4428232973175175e-12,0.0,,ddos,1,1.0
267,1025.729513584412,43611.069319334805,1,1,0.00392156862745098,1150.1329134518,-1.4428232973175175e-12,0.0,,ddos,1,1.0
268,24.313669360696,34670.09033864715,1,1,0.004273504273504274,1037.1740121788,-1.4428232973175175e-12,0.0,,ddos,1,1.0
269,47.528371843205996,66633.1083798044,1,1,0.004608294930875576,832.9208936999999,-1.4428232973175175e-12,0.0,,ddos,1,1.0
270,34.750762938583996,41759.497905804245,1,1,0.004672897196261682,836.3028976799999,-1.4428232973175175e-12,0.0,,ddos,1,1.0
271,26.304919881834,33925.45040266838,1,1,0.004629629629629629,824.2916381539999,-1.4428232973175175e-12,0.0,,ddos,1,1.0
272,15.421706664572,22114.836291100284,1,1,0.004424778761061947,812.86406195,-1.4428232973175175e-12,0.0,,ddos,1,1.0
273,21.286713188228,29390.40515088454,1,1,0.0045871559633027525,820.4308500660001,-1.4428232973175175e-12,0.0,,ddos,1,1.0
274,17595.061688978392,666050.4162644766,23,23,0.028846153846153848,357.96866407284,1.3877573969423778,0.0,,none,0,0.322
275,10100.464000374095,646976.2099685194,8,8,0.225,98.80814356167998,1.4393332373552927,0.0,,none,0,0.0
276,2213.16955870695,270221.5038174973,417,417,0.16129032258064516,571.806719515502,8.117784284060482,0.0,,none,0,0.0
277,18.462847709557998,24724.272586509047,471,471,0.12894736842105264,619.134396804092,8.849784283982578,0.0,,none,0,0.0
278,18.061822762364,22398.11973690343,449,449,0.06199460916442048,618.34018224375,8.761784284014315,0.0,,none,0,0.0
279,19305.300497579934,387059.63056860736,292,292,0.09669811320754718,285.524937087044,6.473010198244193,0.0,,none,0,0.284
280,163.36262025595803,106257.09760740104,1,1,0.001996007984031936,8.709800000000003,-1.4428232973175175e-12,0.0,,ddos,1,1.0
281,3.8726272672259996,699.6582284477581,1,1,0.0020833333333333333,137.2461377036,-1.4428232973175175e-12,0.0,,ddos,1,1.0
282,16.958175765886,25082.3498465908,1,1,0.004081632653061225,1180.7713416996003,-1.4428232973175175e-12,0.0,,ddos,1,1.0
283,17.128887990322,23874.591941260598,1,1,0.0037735849056603774,1153.2301353126002,-1.4428232973175175e-12,0.0,,ddos,1,1.0
284,24.456006752196,35320.8670967002,1,1,0.004545454545454545,1196.880466359,-1.4428232973175175e-12,0.0,,ddos,1,1.0
285,41.031387190846,58837.4926223618,1,1,0.004098360655737705,1185.4531702452,-1.4428232973175175e-12,0.0,,ddos,1,1.0
286,3634.6800054169976,493687.9977771855,1,1,0.0044444444444444444,1043.29649751,-1.4428232973175175e-12,0.0,,ddos,1,1.0
287,22.466673498250003,29413.348526079244,1,1,0.004901960784313725,867.3911195320001,-1.4428232973175175e-12,0.0,,ddos,1,1.0
288,317.45702924870596,177421.1606460184,1,1,0.004975124378109453,887.3638560286,-1.4428232973175175e-12,0.0,,ddos,1,1.0
289,26.341284318282,33885.09422026057,1,1,0.005,882.545480222,-1.4428232973175175e-12,0.0,,ddos,1,1.0
290,45.202535368762,57400.93623622221,1,1,0.0047169811320754715,850.15123814,-1.4428232973175175e-12,0.0,,ddos,1,1.0
291,196.85710885647,74664.25561968228,1,1,0.004807692307692308,858.255166712,-1.4428232973175175e-12,0.0,,ddos,1,1.0
292,31448.135689767787,902749.198290016,270,270,0.11392405063291139,511.15915486493,6.3137621730069835,0.0,,none,0,0.244
293,12.87586265113,16710.43979619526,453,453,0.08072916666666667,563.660094692292,8.777784284008547,0.0,,none,0,0.0
294,25.795523328860003,30664.465330885418,477,477,0.11538461538461539,572.1445981954399,8.873784283973922,0.0,,none,0,0.0
295,10.544566612124001,9979.553755035504,481,481,0.19487179487179487,614.621142759214,8.889784283968151,0.0,,none,0,0.0
296,16757.137796123927,236326.32606697932,319,319,0.095,314.07543694691003,7.005178873390923,0.0,,none,0,0.194
297,4.739241227172,28.435447362912004,1,1,0.001996007984031936,7.367400000000001,-1.4428232973175175e-12,0.0,,ddos,1,1.0
298,5.469073236490001,32.814439421166,1,1,0.001996007984031936,7.351400000000002,-1.4428232973175175e-12,0.0,,ddos,1,1.0
299,139.95420028969397,70123.45359238244,1,1,0.0037174721189591076,1110.050173727,-1.4428232973175175e-12,0.0,,ddos,1,1.0
300,55.493513107566,79977.63140649439,1,1,0.004201680672268907,1181.8633725299999,-1.4428232973175175e-12,0.0,,ddos,1,1.0
301,24.489020346314003,35872.578612666606,1,1,0.004032258064516129,1182.1604280381998,-1.4428232973175175e-12,0.0,,ddos,1,1.0
302,81.74003529700599,24059.8123858584,1,1,0.004098360655737705,1156.8628850886,-1.4428232973175175e-12,0.0,,ddos,1,1.0
303,31.750500922888,43897.63676322395,1,1,0.004329004329004329,1127.5046834050002,-1.4428232973175175e-12,0.0,,ddos,1,1.0
304,48.09860614559,69589.11744418638,1,1,0.004975124378109453,882.54792783,-1.4428232973175175e-12,0.0,,ddos,1,1.0
305,49.563984311367996,70527.90518620607,1,1,0.004807692307692308,851.585508782,-1.4428232973175175e-12,0.0,,ddos,1,1.0
306,39.309721113352,57720.739633066965,1,1,0.004901960784313725,878.270707986,-1.4428232973175175e-12,0.0,,ddos,1,1.0
307,269.2765139277441,113115.60634832253,1,1,0.004878048780487805,867.8114659299999,-1.4428232973175175e-12,0.0,,ddos,1,1.0
308,30.774314470502002,40875.0706202224,1,1,0.004672897196261682,824.0051369920001,-1.4428232973175175e-12,0.0,,ddos,1,1.0
309,21023.3950888074,620318.4420849679,31,31,0.007142857142857143,397.66210478142,1.5650944741759578,0.0,,none,0,0.406
310,13760.168219276626,866013.5004001842,7,7,0.03333333333333333,95.519493957256,1.2018376827453514,0.0,,none,0,0.0
311,4061.9409075572785,215011.0978564088,160,160,0.18831168831168832,272.092140178274,4.110914914205475,0.0,,none,0,0.0
312,11.314504367616,13728.90627841313,458,458,0.13984168865435356,624.576643202018,8.797784284001331,0.0,,none,0,0.0
313,15.225169750484,17111.112135621705,460,460,0.2544987146529563,598.5726864994981,8.805784283998447,0.0,,none,0,0.0
314,13.366633035168,15514.96706334639,472,472,0.095,524.433151146176,8.853784283981135,0.0,,none,0,0.0
315,30622.854281508444,568599.4845980833,289,289,0.2047930283224401,255.540378643226,6.18923455400869,0.0,,none,0,0.328
316,6.514588544888001,39.08753126753199,1,1,0.001996007984031936,7.341600000000001,-1.4428232973175175e-12,0.0,,ddos,1,1.0
317,76.745495845,45267.02915881674,1,1,0.001996007984031936,8.717400000000001,-1.4428232973175175e-12,0.0,,ddos,1,1.0
318,51.723278954912,73108.58972420884,1,1,0.0038461538461538464,1065.8939054749999,-1.4428232973175175e-12,0.0,,ddos,1,1.0
319,57.303940600876004,67084.2503723258,1,1,0.0038022813688212928,1147.3850707898,-1.4428232973175175e-12,0.0,,ddos,1,1.0
320,61.160663837521994,88173.9470109158,1,1,0.003484320557491289,1135.2760153978002,-1.4428232973175175e-12,0.0,,ddos,1,1.0
321,1381.674709718176,78532.8604975066,1,1,0.003875968992248062,1171.8888700861999,-1.4428232973175175e-12,0.0,,ddos,1,1.0
322,79.87867998995401,91169.8975798879,1,1,0.00392156862745098,1154.486789945,-1.4428232973175175e-12,0.0,,ddos,1,1.0
323,479.59040254161994,312055.02547968255,1,1,0.004975124378109453,888.4453611560001,-1.4428232973175175e-12,0.0,,ddos,1,1.0
324,93.831913780738,91926.37921236316,1,1,0.0045871559633027525,819.3763667205999,-1.4428232973175175e-12,0.0,,ddos,1,1.0
325,71.121405741296,93981.8159314092,1,1,0.004273504273504274,772.632846074,-1.4428232973175175e-12,0.0,,ddos,1,1.0
326,72.739058303712,99251.40403692148,1,1,0.004651162790697674,842.978782586,-1.4428232973175175e-12,0.0,,ddos,1,1.0
327,128.76493642652397,89802.74947582046,1,1,0.0045662100456621,821.071950838,-1.4428232973175175e-12,0.0,,ddos,1,1.0
328,8091.4561353818435,176979.22431215076,14,14,0.06565656565656566,664.2667034445999,1.178413516352781,0.0,,ddos,1,0.776
329,6934.426138925614,356434.41493546136,176,176,0.18181818181818182,326.77567980609405,4.732938150708394,0.0,,none,0,0.0
330,25.695173057484002,32057.261961906323,461,461,0.2125,577.199810229836,8.809784283997004,0.0,,none,0,0.0
331,39.507894092114,53006.01146029147,481,481,0.2,710.971400481526,8.889784283968151,0.0,,none,0,0.0
332,29.67818608002,39531.01384692472,473,473,0.2664835164835165,671.2815341056441,8.85778428397969,0.0,,none,0,0.0
333,65570.1664120815,1206072.6010161825,173,173,0.06153846153846154,81.77884427019,3.9010508299034505,0.0,,ddos,1,0.578
334,241.92982281779007,37697.79687773977,1,1,0.002008032128514056,16.7303555566,-1.4428232973175175e-12,0.0,,ddos,1,1.0
335,190.194431144186,68456.25219580806,1,1,0.0020408163265306124,114.35703724439999,-1.4428232973175175e-12,0.0,,ddos,1,1.0
336,18.134612874564,26103.5918326078,1,1,0.003861003861003861,1153.3610813316,-1.4428232973175175e-12,0.0,,ddos,1,1.0
337,225.54995167648204,57115.406026137,1,1,0.0037593984962406013,1153.1203985666,-1.4428232973175175e-12,0.0,,ddos,1,1.0
338,11.391732175384,16497.9257046712,1,1,0.00423728813559322,1188.8255110374,-1.4428232973175175e-12,0.0,,ddos,1,1.0
339,8.291796245843999,11967.0977247768,1,1,0.004048582995951417,1192.3674207227998,-1.4428232973175175e-12,0.0,,ddos,1,1.0
340,347.6521101098581,33680.66688674569,1,1,0.0043859649122807015,1054.3327874458,-1.4428232973175175e-12,0.0,,ddos,1,1.0
341,17.258382981272,23354.961299806335,1,1,0.004651162790697674,833.597916738,-1.4428232973175175e-12,0.0,,ddos,1,1.0
342,76.299962788542,38671.985766822036,1,1,0.004545454545454545,802.430753238,-1.4428232973175175e-12,0.0,,ddos,1,1.0
343,13.702831723102001,18273.979919169677,1,1,0.004545454545454545,812.367262766,-1.4428232973175175e-12,0.0,,ddos,1,1.0
344,15.801598962894,14109.989598342423,1,1,0.0047169811320754715,846.5956460919999,-1.4428232973175175e-12,0.0,,ddos,1,1.0
345,22.128289976201998,27699.174858527913,1,1,0.004694835680751174,834.76455085,-1.4428232973175175e-12,0.0,,ddos,1,1.0
346,26478.64723937195,1084038.3931589767,72,72,0.1732283464566929,275.4805644059,2.3443793124476153,0.0,,none,0,0.228
347,10575.873339237645,612627.5979872007,6,6,0.015384615384615385,102.42225851278002,1.3535148893538802,0.0,,none,0,0.0
348,31245.241019520385,622838.8253361168,5,5,0.047619047619047616,172.713603873882,1.606098121083826,0.0,,none,0,0.0
349,45225.007569830384,516310.65336711454,4,4,0.15625,167.13899154798,1.3448338784071363,0.0,,none,0,0.0
350,15733.618936253932,599213.2367805719,9,9,0.22727272727272727,123.29281769542,1.2559883711966453,0.0,,none,0,0.0
351,194.929285915362,23251.674044543543,226,226,0.06329113924050633,433.93075692992403,4.897703322166134,0.0,,none,0,0.0
352,11.197890721868,13983.763678501342,463,463,0.13387978142076504,644.64858790473,8.817784283994119,0.0,,none,0,0.0
353,6.0338123215640005,7154.984088705169,460,460,0.06036745406824147,612.424433025096,8.805784283998447,0.0,,none,0,0.0
354,8.338146365710001,9820.288621418247,458,458,0.17661691542288557,593.4610665471479,8.797784284001331,0.0,,none,0,0.0
355,89601.15334114137,1694612.8991946676,333,333,0.15443037974683543,246.762250781208,7.024067707666386,0.0,,none,0,0.226
356,30.466688185412,30399.998259744036,1,1,0.002688172043010753,395.38909526,-1.4428232973175175e-12,0.0,,ddos,1,1.0
357,239.35790625847397,19811.984858368036,1,1,0.001996007984031936,8.705,-1.4428232973175175e-12,0.0,,ddos,1,1.0
358,5.937674903734,851.4422680707358,1,1,0.002044989775051125,72.6056414236,-1.4428232973175175e-12,0.0,,ddos,1,1.0
359,30.125765558900007,43133.46660231201,1,1,0.004329004329004329,1188.4821422851999,-1.4428232973175175e-12,0.0,,ddos,1,1.0
360,48.688379321953995,70899.23057903381,1,1,0.003952569169960474,1168.9239942943998,-1.4428232973175175e-12,0.0,,ddos,1,1.0
361,37.07895222153601,54604.2230986892,1,1,0.004273504273504274,1177.83958324887,-1.4428232973175175e-12,0.0,,ddos,1,1.0
362,96.21046547759,94992.34063277818,1,1,0.0038022813688212928,705.3201040006,-1.4428232973175175e-12,0.0,,ddos,1,1.0
363,37.447660823196,48623.18915195382,1,1,0.004273504273504274,782.545138154,-1.4428232973175175e-12,0.0,,ddos,1,1.0
364,29.993433580642,40209.97681444462,1,1,0.004739336492890996,832.93097468,-1.4428232973175175e-12,0.0,,ddos,1,1.0
365,42.472206336238,59708.73860325012,1,1,0.004672897196261682,823.65097784,-1.4428232973175175e-12,0.0,,ddos,1,1.0
366,36.606789047566004,51495.84858642911,1,1,0.004878048780487805,850.2611532399999,-1.4428232973175175e-12,0.0,,ddos,1,1.0
367,46.826530379928,64678.454854337106,1,1,0.004608294930875576,825.765409576,-1.4428232973175175e-12,0.0,,ddos,1,1.0
368,17561.130689512993,345086.8224700712,36,36,0.02617801047120419,585.3426078525999,1.486814728444107,0.0,,ddos,1,0.644
369,6415.193861033032,411472.6205116135,8,8,0.4461538461538462,109.11126384238,1.588804542754547,0.0,,none,0,0.0
370,3365.780087543775,159938.61498857985,297,297,0.24642857142857144,377.753746489166,6.440557815924116,0.0,,none,0,0.0
371,17.039107372932,19386.05687772288,487,487,0.11688311688311688,586.395195989528,8.913784283959494,0.0,,none,0,0.0
372,45.871374547942,62373.13197821568,467,467,0.19121447028423771,526.710739602204,8.833784283988347,0.0,,none,0,0.0
373,13482.434143084567,323869.6322751615,438,438,0.14121037463976946,482.25842221664203,8.712274509025859,0.0,,none,0,0.0
374,61884.86298619253,765750.044066035,161,161,0.05389221556886228,9.555633333319998,3.2630983724233715,0.0,,ddos,1,0.678
375,142.293352646136,48026.17126895723,1,1,0.001996007984031936,8.0153,-1.4428232973175175e-12,0.0,,ddos,1,1.0
376,23.419734385616,29386.281782169768,1,1,0.002347417840375587,220.490463502,-1.4428232973175175e-12,0.0,,ddos,1,1.0
377,507.04314887206795,126200.39721051419,1,1,0.003968253968253968,736.9070131679999,-1.4428232973175175e-12,0.0,,ddos,1,1.0
378,34.224601141095995,47660.21888195577,1,1,0.003703703703703704,674.212664338,-1.4428232973175175e-12,0.0,,ddos,1,1.0
379,20.014585134052,27852.70929801976,1,1,0.0040650406504065045,763.455281788,-1.4428232973175175e-12,0.0,,ddos,1,1.0
380,43.057858307611994,55780.12562322736,1,1,0.00398406374501992,740.8529762240001,-1.4428232973175175e-12,0.0,,ddos,1,1.0
381,416.31947085516595,70626.51599606672,1,1,0.0043859649122807015,792.6637905279999,-1.4428232973175175e-12,0.0,,ddos,1,1.0
382,49.187812661712,72398.03481683631,1,1,0.004629629629629629,841.70156636,-1.4428232973175175e-12,0.0,,ddos,1,1.0
383,22.481858027226,29762.41979705408,1,1,0.0044444444444444444,802.877651648,-1.4428232973175175e-12,0.0,,ddos,1,1.0
384,27.981589769874002,34960.36323415902,1,1,0.004784688995215311,861.9532778199999,-1.4428232973175175e-12,0.0,,ddos,1,1.0
385,38.929673825494,55724.59281429431,1,1,0.004878048780487805,876.820581806,-1.4428232973175175e-12,0.0,,ddos,1,1.0
386,5455.962997426499,50735.76233740502,36,36,0.009345794392523364,761.1674571739401,0.8039334377413246,0.0,,ddos,1,0.85
387,17876.17462324056,1106068.6068025697,5,5,0.07692307692307693,81.39435886666,0.5777867823854278,0.0,,none,0,0.0
388,33782.53601676647,485674.2856281719,283,283,0.2900763358778626,420.26720680197997,6.538573075136798,0.004,,none,0,0.0
389,21.560442859544,24129.45011671455,487,487,0.14324324324324325,455.722300457392,8.913784283959494,0.0,,none,0,0.0
390,8.754147662736,8073.985525436443,465,465,0.2755102040816326,429.29565318427797,8.825784283991233,0.0,,none,0,0.0
391,22.27523777494,29176.168245699635,456,456,0.22343324250681199,476.310013506622,8.789784284004217,0.0,,none,0,0.0
392,20815.50527517261,558730.220693598,165,165,0.08722741433021806,514.203735353562,3.4628262605482965,0.0,,ddos,1,0.654
393,53.47265836790599,9037.376398845843,1,1,0.0021645021645021645,73.83381984465599,-1.4428232973175175e-12,0.0,,ddos,1,1.0
394,113.561650586988,157083.58967047776,1,1,0.004807692307692308,853.4255504960001,-1.4428232973175175e-12,0.0,,ddos,1,1.0
395,19376.978708422794,740643.4036266728,57,57,0.24528301886792453,142.59755854726,2.5000754685100826,0.0,,none,0,0.042
396,7246.771341604452,330846.2297274737,299,299,0.15845070422535212,265.746665275206,6.6597525803221505,0.0,,none,0,0.0
397,63278.41053170186,1065444.6105284737,106,106,0.16546762589928057,131.62386278678,3.300556421569664,0.0,,none,0,0.0
398,22742.49515189806,559406.8149390994,74,74,0.2079207920792079,105.971299480386,2.7367817582094616,0.0,,none,0,0.0
399,56331.93922619409,970449.9042892422,126,126,0.19895287958115182,135.22073663784,3.9303371083925667,0.0,,none,0,0.0
400,42933.44881216789,1222152.7706037052,127,127,0.2681564245810056,124.91054871607601,3.896220710277224,0.0,,none,0,0.0
401,3862.97180001102,491586.61030067434,5,5,0.02040816326530612,149.22482709039997,1.3743315666324667,0.0,,none,0,0.0
402,61316.796285438235,1910465.9014856804,91,91,0.22941176470588234,119.581328676572,3.1741884392870636,0.0,,none,0,0.0
403,32028.672785600527,761240.7921719295,82,82,0.1956521739130435,129.681118387184,3.108282903665656,0.0,,none,0,0.0
404,84205.46869836727,1516127.8382935887,131,131,0.14917127071823205,81.1290824602,3.8377865369184763,0.0,,none,0,0.0
405,10625.370487917344,369537.1896494364,8,8,0.35555555555555557,119.31390060861999,1.2362337484029404,0.0,,none,0,0.0
406,14702.54499266928,787168.2880626735,10,10,0.06521739130434782,127.29976012543999,1.4523131789733026,0.0,,none,0,0.0
407,61670.81617495602,1414868.519285224,129,129,0.2222222222222222,111.390237012,4.020051449285147,0.016,,none,0,0.0
408,121385.85666437991,1908784.271185502,202,202,0.19391634980988592,81.4847848312,5.388017095211865,0.0,,none,0,0.0
409,29562.17199098719,1127201.5692085696,64,64,0.33043478260869563,116.19482779054,2.8178878637640095,0.0,,none,0,0.0
410,27535.065524814585,1577925.8524899934,58,58,0.08333333333333333,111.82898610446,2.682443430873449,0.0,,none,0,0.0
411,40994.98134257977,931594.411641794,101,101,0.06626506024096386,119.05090155022,3.3243270463492753,0.0,,none,0,0.0
412,6994.325779370108,381395.3518744071,3,3,0.027777777777777776,120.95840361148,0.8280835106443815,0.0,,none,0,0.0
413,609.2386706680061,9277.168590040133,7,7,0.014184397163120567,231.33034718281402,1.1474815318699731,0.0,,none,0,0.0
414,75586.2469147614,814654.1497922245,192,192,0.1409090909090909,69.76021592646,4.4955286024306265,0.0,,none,0,0.0
415,42052.54230706483,729323.1869312618,97,97,0.1642512077294686,102.62980984572,3.1402580414752888,0.0,,none,0,0.0
416,20554.92673668406,764637.3094712425,18,18,0.297029702970297,108.25611824826399,1.696333787095422,0.0,,none,0,0.0
417,27279.423062844602,745345.6999357357,65,65,0.05555555555555555,133.9666435411,2.6214071665794902,0.0,,none,0,0.0
418,78110.22690621704,1226488.3369582135,137,137,0.20388349514563106,122.50626115569399,4.08844614277899,0.0,,none,0,0.0
419,79703.12032955262,2256448.0928643188,151,151,0.3118811881188119,81.57376312841198,4.296024626605428,0.0,,none,0,0.0
420,38467.0782520967,1029802.5476737431,68,68,0.13043478260869565,138.2187133088,2.6720082690462625,0.0,,none,0,0.0
421,36948.17944951732,1103143.2893445534,71,71,0.07142857142857142,118.01382452051999,3.0081972719480286,0.0,,none,0,0.0
422,55262.8893753044,1641123.3863703725,102,102,0.3333333333333333,95.4697505821,3.58267688016366,0.002,,none,0,0.0
423,10333.371211955855,664509.2429122142,4,4,0.16666666666666666,141.50525978392,0.9475947202141599,0.0,,none,0,0.0
424,25591.32486809302,839203.3636883543,49,49,0.21666666666666667,147.19611395394,2.1799679028083316,0.002,,none,0,0.0
425,27705.295805749505,665632.5166302525,46,46,0.13186813186813187,112.94826549038,2.0248899114154972,0.0,,none,0,0.0
426,13004.254094439932,599461.8564251459,7,7,0.03333333333333333,144.030617435284,1.4764669430404198,0.0,,none,0,0.0
427,71400.49308707188,1357053.1534421444,156,156,0.27488151658767773,95.29707290671799,4.286294610296824,0.0,,none,0,0.0
428,67279.64979221488,829572.2756560695,150,150,0.1724137931034483,113.161159810076,4.1843356211149825,0.0,,none,0,0.0
429,59869.637177915196,1305440.4993779238,73,73,0.23387096774193547,128.95940683565198,2.9520702786611146,0.0,,none,0,0.0
430,47895.414248095956,1236628.8518932902,97,97,0.21374045801526717,113.42658929301999,3.30448081713571,0.0,,none,0,0.0
431,11259.736053660014,932317.4931919276,13,13,0.16666666666666666,157.71876917554002,1.5190049165802892,0.0,,none,0,0.0
432,76176.49212730925,1986577.12840462,132,132,0.1262135922330097,97.050297360784,4.357340408613826,0.0,,none,0,0.0
433,42562.55998154655,707012.4907324624,106,106,0.1342281879194631,124.84765182163001,3.4185506936017873,0.0,,none,0,0.0
434,52298.99078697942,1224800.7109998057,99,99,0.22758620689655173,97.50303808992001,3.4218581642604904,0.004,,none,0,0.0
435,5347.0648621501405,225658.30020671475,6,6,0.13829787234042554,155.362957399322,1.642303338856038,0.0,,none,0,0.0
436,61808.176095975105,871263.1012269497,129,129,0.18867924528301888,114.56371176144,3.962554490168361,0.0,,none,0,0.0
437,19415.451588387714,913456.1270776376,52,52,0.06666666666666667,139.04191045989998,2.4463220293246977,0.0,,none,0,0.0
438,23874.350617734995,763695.1767540559,40,40,0.12149532710280374,144.04533441956002,2.153299852136639,0.0,,none,0,0.0
439,11888.723850651017,544864.1866609377,9,9,0.10526315789473684,129.07039923974,1.4068691591712124,0.002,,none,0,0.0
440,53694.163623069646,664481.1438747924,130,130,0.10480349344978165,116.50340799634,3.9217428520427733,0.0,,none,0,0.0
441,54853.09372541655,2618100.971121536,97,97,0.3443708609271523,127.27237094344001,3.1712687727600137,0.0,,none,0,0.0
442,13440.60743154919,402975.665015337,6,6,0.046153846153846156,185.8538844801,1.3900121297315224,0.0,,none,0,0.0
443,72889.42578736223,1019682.3315744402,151,151,0.1297709923664122,75.73241528928399,4.274649940332098,0.0,,none,0,0.0
444,52185.8526351918,1376661.1886367502,89,89,0.27906976744186046,94.00286905712,3.182665714294594,0.002,,none,0,0.0
445,43477.33080234163,1034951.9533688703,102,102,0.375,158.70021747142002,3.3404269025577724,0.0,,none,0,0.0
446,22269.78936958407,1089566.127882155,17,17,0.1565217391304348,138.61725689472,1.9618714481768191,0.0,,none,0,0.0
447,40588.40926484703,711780.3024340917,78,78,0.13740458015267176,127.73632629056,2.776131484004379,0.0,,none,0,0.0
448,73361.45576487752,1456259.4868076895,147,147,0.16842105263157894,69.12616948588,3.918644965362187,0.0,,none,0,0.0
449,5935.624360797317,180248.20304659894,12,12,0.01694915254237288,151.63511060348,1.7684646040214769,0.0,,none,0,0.0
450,88103.75458754315,1220373.8557835931,159,159,0.21323529411764705,74.15896689554,4.840652612820807,0.01,,none,0,0.0
