window_id,attack_family,y_forecast,packet_rate,byte_rate,unique_dst_ips,unique_dst_ports,syn_ack_ratio,avg_pkt_size,dst_port_entropy,failed_conn_rate,fwd_psh_rate,avg_flow_duration
0,none,0,62669.941035,1583002.101523,78,78,0.230769,581.316584,2.650612,0.0,0.058,2616619.334
1,none,0,3362.307448,203682.361437,3,3,0.294118,122.656061,0.972229,0.0,0.018,13725582.674
2,none,0,5558.435315,362505.779831,4,4,0.153846,136.670238,1.369248,0.0,0.014,12600539.334
3,none,0,99039.309485,1475983.659809,227,227,0.167763,124.245187,5.464426,0.0,0.1,8331545.478
4,none,0,9796.195147,397303.92465,5,5,0.131579,145.650241,1.552931,0.0,0.018,15061869.164
5,none,0,8916.949078,356262.241059,4,4,0.177083,283.188831,1.539686,0.0,0.032,11677172.97
6,none,0,23589.770752,554907.832958,83,83,0.242188,137.742053,2.711318,0.0,0.06,7701989.822
7,none,0,96364.734749,2660622.555436,207,207,0.166667,72.841828,5.593966,0.0,0.11,6887269.982
8,none,0,50239.942189,864756.477751,78,78,0.244755,104.878435,2.987841,0.0,0.068,18073209.292
9,none,0,13916.870279,620018.402129,15,15,0.416667,142.779533,1.441093,0.0,0.048,13992984.772
10,none,0,88226.546182,1138917.058743,176,176,0.204651,103.37858,4.487824,0.0,0.086,8900708.94
11,none,0,11864.423448,758193.862556,13,13,0.278846,177.350358,1.839227,0.0,0.056,13224014.106
12,none,0,55294.362725,1404134.101773,142,142,0.157407,85.845019,3.812469,0.0,0.066,9948697.132
13,none,0,68632.133553,1626235.520313,114,114,0.234637,105.584495,3.572726,0.0,0.082,10759052.428
14,none,0,16913.18865,598415.333051,31,31,0.36036,126.982633,1.914986,0.0,0.078,14974235.766
15,none,0,52316.912473,1169990.281984,68,68,0.358025,155.722762,2.674392,0.0,0.056,13890086.732
16,none,0,24596.185947,725540.294344,80,80,0.180952,143.029315,2.8696,0.0,0.036,19129535.416
17,none,0,32134.685947,660506.531468,62,62,0.137931,99.099856,2.493773,0.002,0.03,9702949.044
18,none,0,27388.078541,819554.953747,67,67,0.272727,136.244522,2.549514,0.0,0.064,13886037.18
19,none,0,51148.280916,942415.030293,106,106,0.135484,106.990106,3.215381,0.0,0.04,14373231.492
20,none,0,67168.314568,1603965.192484,144,144,0.182741,112.97627,3.972485,0.0,0.07,12889960.978
21,none,0,15890.213356,693063.53159,9,9,0.318182,149.61462,1.107903,0.0,0.026,12100375.634
22,none,0,24816.296827,630288.701682,74,74,0.130435,174.72218,2.885385,0.0,0.028,20300775.344
23,none,0,95914.721783,1575112.292181,98,98,0.309091,118.209264,3.094701,0.0,0.1,4058935.716
24,none,0,45998.406411,1533891.447466,113,113,0.173333,128.336251,3.497604,0.0,0.05,6349918.884
25,none,0,13506.446774,682685.141981,13,13,0.090909,133.18549,1.779815,0.0,0.008,9033139.716
26,none,0,102450.958248,2333519.206291,157,157,0.160194,90.732877,4.315725,0.004,0.064,3425715.67
27,none,0,43322.582502,1345792.604548,75,75,0.267123,127.301547,3.116372,0.0,0.076,11328272.578
28,none,0,20849.610943,558901.829104,39,39,0.068966,95.501452,1.86129,0.0,0.006,4680451.888
29,none,0,67820.153242,1534490.016089,100,100,0.134752,107.168426,3.523929,0.0,0.036,4767699.278
30,none,0,37516.497849,1281359.69904,45,45,0.203883,160.407901,2.697318,0.0,0.04,12674441.228
31,none,0,47353.722747,1255765.416835,107,107,0.191083,125.071046,3.504829,0.0,0.058,7438121.136
32,none,0,6192.498706,332663.89576,5,5,0.013333,124.421261,1.567608,0.0,0.0,13467090.878
33,none,0,42015.119234,1696618.473549,83,83,0.15493,136.490609,3.147695,0.0,0.042,7844996.788
34,none,0,30635.568492,1148337.820709,57,57,0.107527,76.368283,1.973649,0.0,0.018,2157106.47
35,none,0,26790.846848,953387.376276,36,36,0.184211,152.066759,2.453969,0.002,0.04,6711060.142
36,none,0,76746.530147,1563379.691273,126,126,0.339713,65.599065,3.71149,0.0,0.14,2999280.156
37,dos,1,30219.928076,1390236.797315,42,42,0.060976,257.737014,2.197201,0.0,0.018,3599789.888
38,dos,1,1545.770378,69806.923326,1,1,0.004444,797.605059,-0.0,0.0,0.0,2992568.112
39,dos,1,30.53741,41713.901187,1,1,0.004115,718.737648,-0.0,0.0,0.0,3313123.576
40,dos,1,139.237697,30685.583856,1,1,0.004717,940.554928,-0.0,0.0,0.0,13287607.294
41,dos,1,70.196956,99244.539036,1,1,0.004237,1154.833669,-0.0,0.0,0.0,34040144.74
42,dos,1,7039.932554,129910.66036,16,16,0.027027,812.594807,1.519098,0.0,0.006,29754207.002
43,none,0,8096.162081,753175.391336,10,10,0.135135,150.848752,1.550673,0.0,0.008,17678533.146
44,none,0,39549.298514,694377.42071,269,269,0.103093,230.469641,5.878941,0.002,0.058,17900911.028
45,dos,1,16642.347238,285568.685114,36,36,0.048193,744.611936,0.758176,0.0,0.022,2852632.072
46,dos,1,48.909217,66004.1156,1,1,0.00463,835.369192,-0.0,0.0,0.0,2753033.264
47,dos,1,550.330988,248452.376418,1,1,0.00495,892.501285,-0.0,0.0,0.0,4559900.49
48,dos,1,185.302284,27243.349962,1,1,0.004926,883.121002,-0.0,0.0,0.0,3832121.99
49,dos,1,12.379203,15194.681555,1,1,0.004525,815.869664,-0.0,0.0,0.0,3611118.798
50,dos,1,19.07101,26196.78106,1,1,0.004785,847.645668,-0.0,0.0,0.0,3298800.902
51,dos,1,49.767911,63462.550871,1,1,0.005,871.564561,-0.0,0.0,0.0,3142296.796
52,dos,1,59.100377,81599.603899,1,1,0.004651,842.483078,-0.0,0.0,0.0,3128034.694
53,dos,1,487.214375,76684.851271,1,1,0.004762,847.852581,-0.0,0.0,0.0,2609152.012
54,dos,1,18.852192,25504.961282,1,1,0.004608,830.819979,-0.0,0.0,0.0,2633559.724
55,dos,1,11.292166,14782.625488,1,1,0.003759,682.472223,-0.0,0.0,0.0,3607572.4
56,dos,1,26.843827,38027.66292,1,1,0.004237,1136.056505,-0.0,0.0,0.0,31408160.982
57,dos,1,43.242945,62672.611208,1,1,0.004484,1198.578865,-0.0,0.0,0.0,32177517.262
58,dos,1,46.964581,68525.344747,1,1,0.004785,1218.074267,-0.0,0.0,0.0,30160266.278
59,dos,1,18.09575,26529.514632,1,1,0.004975,1228.353269,-0.0,0.0,0.0,28808781.268
60,dos,1,9.378786,13721.35722,1,1,0.004739,1226.373966,-0.0,0.0,0.0,30187123.614
61,dos,1,14916.126438,669551.857899,17,17,0.031646,718.196834,1.17846,0.0,0.008,17017710.582
62,none,0,14436.014518,935087.229345,7,7,0.028986,94.130673,1.262089,0.0,0.002,2273346.5
63,none,0,4890.914524,256970.030429,233,233,0.088561,259.092064,5.422358,0.0,0.046,22647633.786
64,none,0,7.064106,5394.39497,498,498,0.167665,366.730514,8.957784,0.0,0.166,26421421.246
65,none,0,3.273988,2396.116403,493,493,0.171657,382.551475,8.937784,0.0,0.17,28835015.508
66,dos,1,22068.635942,257002.378107,317,317,0.093909,435.920762,6.357639,0.0,0.072,12609906.444
67,dos,1,822.896413,231736.219962,1,1,0.004762,853.696868,-0.0,0.0,0.0,2710449.266
68,dos,1,47.621209,65751.765756,1,1,0.004762,854.600388,-0.0,0.0,0.0,2915853.516
69,dos,1,27.825906,35371.091161,1,1,0.00463,833.471096,-0.0,0.0,0.0,2873708.894
70,dos,1,12.066856,16180.029708,1,1,0.004878,869.351497,-0.0,0.0,0.0,2865379.546
71,dos,1,8.846557,11732.002871,1,1,0.004219,762.815477,-0.0,0.0,0.0,3552237.714
72,dos,1,73.530753,441.184516,1,1,0.001996,7.3456,-0.0,0.0,0.0,5819909.72
73,dos,1,119.535041,80650.490845,1,1,0.001996,29.294203,-0.0,0.0,0.0,6022547.376
74,dos,1,8.078178,11070.022478,1,1,0.00304,788.517695,-0.0,0.0,0.0,22189128.638
75,dos,1,44.944039,64303.867635,1,1,0.005102,1236.093847,-0.0,0.0,0.0,28231976.2
76,dos,1,45.81727,65516.40381,1,1,0.004785,1201.83549,-0.0,0.0,0.0,30422173.55
77,dos,1,232.739034,75248.974996,1,1,0.005,1213.675797,-0.0,0.0,0.0,29068987.002
78,dos,1,12.360261,17552.250944,1,1,0.005051,1210.875739,-0.0,0.0,0.0,29066717.658
79,dos,1,10923.911973,246524.857241,31,31,0.048544,1009.533071,1.310245,0.0,0.018,26325799.236
80,none,0,12182.490521,357009.579473,6,6,0.244186,140.936221,1.528502,0.0,0.04,19125097.032
81,none,0,10502.602505,142034.656999,3,3,0.012195,125.477636,1.475929,0.0,0.0,15350781.71
82,none,0,3881.482584,351393.423307,133,133,0.188406,180.569011,3.145351,0.0,0.05,12438851.696
83,none,0,7.921879,4062.544373,493,493,0.223553,412.1311,8.937784,0.0,0.222,29964955.95
84,none,0,5.718059,6169.839067,491,491,0.165669,388.767361,8.929784,0.0,0.164,30043889.618
85,none,0,33581.884354,572714.918599,464,464,0.130526,287.714398,8.742565,0.0,0.122,22712824.64
86,dos,1,19714.825762,228569.758253,40,40,0.013043,786.107917,0.857074,0.0,0.004,2716070.312
87,dos,1,1074.724072,70183.033408,1,1,0.004762,850.545291,-0.0,0.0,0.0,2333690.27
88,dos,1,41.020434,55504.353986,1,1,0.004525,817.406484,-0.0,0.0,0.0,3106761.116
89,dos,1,42.069596,56572.488502,1,1,0.004695,843.842857,-0.0,0.0,0.0,3411923.704
90,dos,1,2038.731003,75246.4599,1,1,0.004464,811.328282,-0.0,0.0,0.0,3186476.746
91,dos,1,261.843414,1737.499922,1,1,0.001996,109.724098,-0.0,0.0,0.0,6965294.136
92,dos,1,46.892317,423.025305,1,1,0.001996,98.591084,-0.0,0.0,0.0,6621600.864
93,dos,1,512.880365,9074.67145,1,1,0.002667,564.841754,-0.0,0.0,0.0,17264891.302
94,dos,1,29.562934,43350.016014,1,1,0.004831,1217.866562,-0.0,0.0,0.0,30720988.272
95,dos,1,125.433793,50100.685458,1,1,0.004484,1203.75775,-0.0,0.0,0.0,33070599.876
96,dos,1,39.635037,57164.276879,1,1,0.00463,1199.709535,-0.0,0.0,0.0,32226724.808
97,dos,1,54.929932,81585.838792,1,1,0.004975,1241.492525,-0.0,0.0,0.0,29965891.478
98,dos,1,34.475869,49594.630188,1,1,0.004739,1203.442049,-0.0,0.0,0.0,31866445.34
99,dos,1,25180.520132,700199.453855,46,46,0.029197,415.618924,1.848416,0.0,0.006,9888831.948
100,none,0,10372.996823,607129.853197,4,4,0.162162,107.681878,1.301109,0.0,0.022,8774704.382
101,none,0,11972.03512,386594.096735,176,176,0.081712,182.848536,4.595782,0.0,0.04,17709510.51
102,none,0,2.137803,2019.064647,492,492,0.159681,400.313142,8.933784,0.0,0.158,30466259.524
103,none,0,4.133247,2381.367818,496,496,0.08982,353.46529,8.949784,0.0,0.088,31878232.364
104,none,0,38563.139811,847520.929418,306,306,0.188623,254.37862,6.585798,0.0,0.124,16166691.392
105,dos,1,26508.487056,578777.404742,44,44,0.088235,756.343622,0.922737,0.0,0.04,2481634.498
106,dos,1,16.117656,22020.873248,1,1,0.005236,904.077468,-0.0,0.0,0.0,2606962.656
107,dos,1,275.694935,85360.714272,1,1,0.005,872.171373,-0.0,0.0,0.0,2875356.966
108,dos,1,49.939965,61733.325058,1,1,0.004505,830.416671,-0.0,0.0,0.0,2806732.69
109,dos,1,44.592222,64077.177796,1,1,0.004651,832.326254,-0.0,0.0,0.0,3217089.06
110,dos,1,2.723135,2324.145312,1,1,0.002183,200.290059,-0.0,0.0,0.0,6418389.818
111,dos,1,67.628875,30463.133773,1,1,0.001996,38.00279,-0.0,0.0,0.0,5851539.634
112,dos,1,26.631704,31185.905462,1,1,0.002632,547.079758,-0.0,0.0,0.0,18658594.744
113,dos,1,51.291134,74510.728495,1,1,0.004566,1203.04203,-0.0,0.0,0.0,33510219.632
114,dos,1,881.103169,39442.872989,1,1,0.004878,1213.863914,-0.0,0.0,0.0,31625834.476
115,dos,1,13.760441,19805.176425,1,1,0.005076,1221.105989,-0.0,0.0,0.0,30671442.404
116,dos,1,51.003625,73833.646372,1,1,0.004525,1192.377213,-0.0,0.0,0.0,34318907.658
117,dos,1,50.983406,74160.601861,1,1,0.005348,1251.305331,-0.0,0.0,0.0,29422744.906
118,dos,1,11661.38689,251301.526444,39,39,0.12844,311.292308,2.199755,0.0,0.026,14269396.038
119,none,0,37968.252545,860726.099634,50,50,0.231481,162.315565,2.493737,0.0,0.048,16626570.736
120,none,0,3.337084,2990.521237,486,486,0.195609,376.304039,8.909784,0.0,0.194,26767149.092
121,none,0,2.017461,1577.015499,487,487,0.137725,404.030088,8.913784,0.0,0.136,32000633.706
122,none,0,3.216527,2477.613478,495,495,0.193613,422.837947,8.945784,0.0,0.192,34337873.526
123,dos,1,44324.644278,484734.348575,145,145,0.065574,556.500892,3.296463,0.0,0.038,2816452.126
124,dos,1,38.284884,54391.140156,1,1,0.004367,796.154486,-0.0,0.0,0.0,3308399.198
125,dos,1,69.493092,94272.630756,1,1,0.004237,766.471675,-0.0,0.0,0.0,3868633.158
126,dos,1,145.955138,150186.743706,1,1,0.004695,844.221375,-0.0,0.0,0.0,3445037.812
127,dos,1,60.550358,89486.167891,1,1,0.004587,839.652767,-0.0,0.0,0.0,3471124.578
128,dos,1,122.155031,130137.310929,1,1,0.004717,860.57038,-0.0,0.0,0.0,2901374.64
129,dos,1,43.997593,263.985555,1,1,0.001996,7.3442,-0.0,0.0,0.0,6361995.944
130,dos,1,92.157605,58865.022925,1,1,0.001996,19.605059,-0.0,0.0,0.0,5946086.89
131,dos,1,30.934133,43434.319752,1,1,0.003135,754.846555,-0.0,0.0,0.0,22050454.542
132,dos,1,48.759128,69978.162865,1,1,0.00463,1201.494879,-0.0,0.0,0.0,34210892.34
133,dos,1,61.732696,89935.546555,1,1,0.004386,1191.310382,-0.0,0.0,0.0,36070681.902
134,dos,1,118.276476,135949.210443,1,1,0.00431,1182.775951,-0.0,0.0,0.0,36509262.096
135,dos,1,290.778273,183958.850879,1,1,0.004444,1207.765431,-0.0,0.0,0.0,35492915.746
136,dos,1,97.39805,143646.280931,1,1,0.004975,1239.317301,-0.0,0.0,0.0,32088948.056
137,dos,1,20625.930061,667648.173978,17,17,0.009709,420.722928,1.311041,0.0,0.0,10022204.206
138,none,0,17736.820969,817073.190501,9,9,0.323529,107.223723,1.676802,0.0,0.064,8069432.764
139,none,0,32.764376,5565.984266,453,453,0.074725,337.869334,8.459518,0.0,0.066,29284032.19
140,none,0,9.382202,8265.531733,498,498,0.301397,403.230435,8.957784,0.0,0.3,26921390.084
141,dos,1,31614.447921,585800.247591,413,413,0.182628,300.873415,8.146952,0.0,0.162,20628651.68
142,dos,1,225.718554,95777.560145,1,1,0.004587,831.036462,-0.0,0.0,0.0,2929069.57
143,dos,1,88.967421,79971.907517,1,1,0.004608,819.33269,-0.0,0.0,0.0,2904087.492
144,dos,1,80.922026,108490.000506,1,1,0.004219,772.42109,-0.0,0.0,0.0,3316075.952
145,dos,1,66.378356,89326.130191,1,1,0.004525,810.367546,-0.0,0.0,0.0,2699034.896
146,dos,1,353.105252,51137.309223,1,1,0.004525,807.147372,-0.0,0.0,0.0,3394766.752
147,dos,1,15.976225,19062.789452,1,1,0.002625,367.034015,-0.0,0.0,0.0,5631509.826
148,dos,1,2.255033,122.854773,1,1,0.001996,60.012219,-0.0,0.0,0.0,6148042.086
149,dos,1,65.658881,7904.950755,1,1,0.002049,166.591865,-0.0,0.0,0.0,10538889.0
150,dos,1,131.289908,132636.312151,1,1,0.004739,1211.006417,-0.0,0.0,0.0,33676116.784
151,dos,1,57.868954,82206.108489,1,1,0.004762,1206.211926,-0.0,0.0,0.0,33587131.174
152,dos,1,88.532863,127093.516031,1,1,0.004425,1185.900966,-0.0,0.0,0.0,36464657.856
153,dos,1,58.82194,83321.000792,1,1,0.004762,1206.647649,-0.0,0.0,0.0,34166905.936
154,dos,1,44.507141,64028.731612,1,1,0.004739,1214.248965,-0.0,0.0,0.0,34342669.104
155,dos,1,32399.665971,496806.468429,71,71,0.107692,859.254912,2.25013,0.0,0.054,26817866.604
156,none,0,7.332478,4422.741635,499,499,0.227545,401.113397,8.961784,0.0,0.226,33485596.516
157,none,0,3.065053,2651.570552,498,498,0.197605,388.889009,8.957784,0.0,0.196,33332987.864
158,dos,1,31385.649371,276623.782955,266,266,0.106101,434.248389,5.801972,0.0,0.078,14695844.052
159,dos,1,42.480884,54768.537887,1,1,0.004608,815.772036,-0.0,0.0,0.0,2980009.512
160,dos,1,72.014066,102754.015139,1,1,0.00463,840.418618,-0.0,0.0,0.0,3372393.548
161,dos,1,46.939068,63142.080504,1,1,0.004367,804.06195,-0.0,0.0,0.0,3218240.8
162,dos,1,49.562346,69846.684705,1,1,0.004902,860.670519,-0.0,0.0,0.0,3453310.742
163,dos,1,13.466468,18910.640083,1,1,0.00303,504.282552,-0.0,0.0,0.0,5170973.45
164,dos,1,2200.538696,13347.523186,1,1,0.001996,100.695781,-0.0,0.0,0.0,6459373.318
165,dos,1,1.230799,214.851386,1,1,0.001996,140.015445,-0.0,0.0,0.0,6184616.5
166,dos,1,172.308067,54699.049887,1,1,0.002967,781.690919,-0.0,0.0,0.0,25272798.868
167,dos,1,54.788689,79283.304144,1,1,0.004525,1199.45691,-0.0,0.0,0.0,36075500.072
168,dos,1,205.868888,153748.696146,1,1,0.004274,1188.905558,-0.0,0.0,0.0,37876951.106
169,dos,1,42.496311,61637.997063,1,1,0.004762,1217.618047,-0.0,0.0,0.0,34380779.674
170,dos,1,50.819025,74199.700931,1,1,0.004831,1230.146939,-0.0,0.0,0.0,34127047.136
171,dos,1,51.818185,73634.851321,1,1,0.00463,1209.879094,-0.0,0.0,0.0,35612825.78
172,dos,1,32373.210375,879493.318177,27,27,0.159091,285.270521,1.480314,0.0,0.026,5764613.892
173,none,0,9745.560581,537367.359635,198,198,0.248227,210.106956,4.877874,0.0,0.138,14630357.07
174,none,0,9.575141,7223.665643,486,486,0.169661,419.628425,8.909784,0.0,0.168,32391363.032
175,none,0,1.815388,1338.556518,491,491,0.127745,375.144621,8.929784,0.0,0.126,31491319.784
176,dos,1,23489.965589,670985.869924,91,91,0.108303,675.301086,2.01814,0.0,0.058,6403729.506
177,dos,1,31.714534,44823.45767,1,1,0.004566,812.973373,-0.0,0.0,0.0,3585664.932
178,dos,1,1217.925763,49848.239767,1,1,0.00463,830.817325,-0.0,0.0,0.0,3757705.342
179,dos,1,24.051111,33646.578778,1,1,0.00463,827.93514,-0.0,0.0,0.0,3476116.966
180,dos,1,16.683378,23677.599162,1,1,0.003922,720.915102,-0.0,0.0,0.0,3769312.688
181,dos,1,1.272156,202.23954,1,1,0.001996,141.927281,-0.0,0.0,0.0,6505100.98
182,dos,1,2.127389,249.955238,1,1,0.001996,183.919144,-0.0,0.0,0.0,6265768.828
183,dos,1,28.174327,39548.934137,1,1,0.002817,715.026804,-0.0,0.0,0.0,22336103.06
184,dos,1,41.270727,59138.366617,1,1,0.004831,1213.183068,-0.0,0.0,0.0,34231230.004
185,dos,1,25.949054,37264.078053,1,1,0.004739,1207.063123,-0.0,0.0,0.0,34799981.17
186,dos,1,27.731094,39869.571084,1,1,0.004808,1209.502016,-0.0,0.0,0.0,34400397.738
187,dos,1,27.973302,41167.554775,1,1,0.005263,1235.447643,-0.0,0.0,0.0,31487519.138
188,dos,1,5599.160366,260528.667257,15,15,0.004975,1147.499811,0.561132,0.0,0.0,32272102.272
189,none,0,12072.766279,757134.275439,311,311,0.20743,300.80138,6.657254,0.0,0.132,26533519.614
190,none,0,4.406578,5146.880595,489,489,0.147705,376.176083,8.921784,0.0,0.146,32075612.08
191,none,0,4.117134,670.969709,487,487,0.131737,421.425894,8.913784,0.0,0.13,34599203.708
192,dos,1,13812.718375,339929.404488,154,154,0.076923,824.159647,3.519012,0.0,0.04,28191085.12
193,dos,1,121.780679,105093.444688,1,1,0.004902,1235.116701,-0.0,0.0,0.0,33262115.354
194,dos,1,69.340088,101969.743399,1,1,0.004587,1219.3748,-0.0,0.0,0.0,34833083.73
195,dos,1,75.479103,107459.757013,1,1,0.003623,1137.063326,-0.0,0.0,0.0,44731756.654
196,dos,1,60.922449,88840.929226,1,1,0.003546,1136.949518,-0.0,0.0,0.0,45310494.166
197,dos,1,293.644746,23722.117048,1,1,0.002494,544.331787,-0.0,0.0,0.0,18587731.476
198,dos,1,1208.427419,7479.999037,1,1,0.001996,173.972006,-0.0,0.0,0.0,6471335.35
199,dos,1,6.079079,384.976194,1,1,0.001996,237.459603,-0.0,0.0,0.0,8321024.326
200,dos,1,5.959118,7831.687578,1,1,0.00271,617.245269,-0.0,0.0,0.0,14203942.642
201,dos,1,133.179604,82122.214924,1,1,0.004717,861.500843,-0.0,0.0,0.0,3450276.176
202,dos,1,64.090215,91817.80279,1,1,0.004566,818.576368,-0.0,0.0,0.0,3373789.612
203,dos,1,99.09543,96888.216014,1,1,0.004237,762.794206,-0.0,0.0,0.0,3411897.81
204,dos,1,131.484496,95171.67404,4,4,0.005102,846.91255,0.062425,0.0,0.0,3534135.626
205,none,0,15277.446373,970129.243535,4,4,0.107143,77.147284,0.528706,0.0,0.004,903986.854
206,none,0,9986.921928,224766.224837,294,294,0.188791,322.209547,6.586315,0.0,0.126,25784432.85
207,none,0,12.228814,15355.393017,498,498,0.178879,487.447202,8.957784,0.0,0.164,30033591.63
208,none,0,33.012088,46142.353727,472,472,0.39185,810.249035,8.853784,0.0,0.248,17855886.864
209,dos,1,16500.619432,486352.745484,223,223,0.107623,396.747654,4.707914,0.0,0.094,15047597.436
210,dos,1,1.097364,227.768682,1,1,0.001996,185.435687,-0.0,0.0,0.0,7268542.332
211,dos,1,32.455645,47589.138831,1,1,0.003279,1095.576619,-0.0,0.0,0.0,39106179.55
212,dos,1,11.566586,16610.325495,1,1,0.003861,1160.864816,-0.0,0.0,0.0,41842893.436
213,dos,1,18.052475,26259.353654,1,1,0.00431,1189.493002,-0.0,0.0,0.0,37794798.708
214,dos,1,34.91534,50772.796475,1,1,0.004202,1189.047448,-0.0,0.0,0.0,39513436.396
215,dos,1,145.396412,21158.302233,1,1,0.004292,1194.731151,-0.0,0.0,0.0,38954368.57
216,dos,1,9.161892,7460.252309,1,1,0.002053,231.359968,-0.0,0.0,0.0,6823132.044
217,dos,1,17.186158,23753.01111,1,1,0.002597,492.028637,-0.0,0.0,0.0,5728559.122
218,dos,1,16.796282,23289.540826,1,1,0.004854,849.610007,-0.0,0.0,0.0,2441005.106
219,dos,1,38.678626,52655.7138,1,1,0.004785,850.808992,-0.0,0.0,0.0,3183685.382
220,dos,1,26.262515,36162.251393,1,1,0.004854,854.822392,-0.0,0.0,0.0,3573587.096
221,dos,1,4592.64986,217259.06657,77,77,0.091603,535.499222,2.829681,0.0,0.022,12091923.188
222,none,0,15.278469,20695.772471,451,451,0.164835,689.895882,8.769784,0.0,0.118,22215489.674
223,none,0,6.048181,7071.535156,462,462,0.0775,597.939853,8.813784,0.0,0.06,27917790.48
224,none,0,17.900836,20025.423402,465,465,0.200495,638.021246,8.825784,0.0,0.16,26167694.628
225,dos,1,14543.342594,326913.212164,415,415,0.215,532.897505,8.386786,0.0,0.17,25290444.172
226,dos,1,1.473527,205.818765,1,1,0.001996,155.193439,-0.0,0.0,0.0,6229352.702
227,dos,1,2229.618645,25660.71416,1,1,0.002004,142.810629,-0.0,0.0,0.0,6580878.348
228,dos,1,5.838585,7275.34838,1,1,0.002174,372.216396,-0.0,0.0,0.0,17652635.824
229,dos,1,41.732349,60734.276461,1,1,0.004032,1174.686504,-0.0,0.0,0.0,42287585.862
230,dos,1,25.572119,37268.974121,1,1,0.003937,1165.763258,-0.0,0.0,0.0,43745378.642
231,dos,1,9.715297,14242.745637,1,1,0.004219,1195.343022,-0.0,0.0,0.0,41486789.036
232,dos,1,25.689399,37562.470959,1,1,0.004016,1164.78581,-0.0,0.0,0.0,43973528.704
233,dos,1,37.037668,52824.625857,1,1,0.004,1039.799881,-0.0,0.0,0.0,32589477.05
234,dos,1,42.345669,58146.97179,1,1,0.005076,874.291868,-0.0,0.0,0.0,2742258.888
235,dos,1,38.103568,51245.74753,1,1,0.005155,898.744216,-0.0,0.0,0.0,3212217.698
236,dos,1,37.907391,46419.741479,1,1,0.004587,831.604066,-0.0,0.0,0.0,2977668.17
237,dos,1,46.853301,66280.260701,1,1,0.004444,786.565069,-0.0,0.0,0.0,3832355.432
238,dos,1,21192.895366,993755.219451,10,10,0.055556,123.65215,0.767433,0.0,0.002,829982.624
239,none,0,10600.490176,435304.874654,125,125,0.252688,255.291858,3.813631,0.0,0.092,13700367.336
240,none,0,20.594029,28529.128922,478,478,0.170732,676.290899,8.877784,0.0,0.124,22074244.12
241,none,0,16.130171,17036.605935,479,479,0.113022,568.184594,8.881784,0.0,0.09,28395550.764
242,none,0,16.532539,19738.558466,474,474,0.095361,627.208944,8.861784,0.0,0.072,25028629.428
243,dos,1,40581.386182,833383.00961,250,250,0.117371,348.10476,5.319554,0.0,0.098,13382538.932
244,dos,1,0.821799,144.119527,1,1,0.001996,98.820899,-0.0,0.0,0.0,7533045.842
245,dos,1,1.768607,117.057902,1,1,0.001996,64.718955,-0.0,0.0,0.0,6055944.116
246,dos,1,587.956222,173858.987921,1,1,0.002882,820.682338,-0.0,0.0,0.0,39745752.66
247,dos,1,59.37426,85077.236719,1,1,0.003788,1150.942329,-0.0,0.0,0.0,46064779.814
248,dos,1,48.323149,69510.422083,1,1,0.004032,1182.27633,-0.0,0.0,0.0,44280452.55
249,dos,1,23.941215,34344.551053,1,1,0.003704,1140.930993,-0.0,0.0,0.0,48361495.38
250,dos,1,23.688646,34167.919884,1,1,0.003663,1144.64709,-0.0,0.0,0.0,49101724.78
251,dos,1,71.08395,97279.415148,1,1,0.004167,829.089571,-0.0,0.0,0.0,10437510.064
252,dos,1,64.202513,88460.437254,1,1,0.004673,850.668088,-0.0,0.0,0.0,3330363.964
253,dos,1,44.328318,63042.711256,1,1,0.004608,832.834285,-0.0,0.0,0.0,3002607.736
254,dos,1,25.429363,34337.429437,1,1,0.004762,835.330426,-0.0,0.0,0.0,3058364.802
255,dos,1,35.403967,45993.87556,1,1,0.004717,838.577319,-0.0,0.0,0.0,2987221.612
256,dos,1,29529.994239,1385134.571822,212,212,0.192513,497.312271,5.313374,0.002,0.07,9047321.318
257,none,0,31.502753,42882.185902,477,477,0.227882,681.964794,8.873784,0.0,0.168,29844513.616
258,none,0,22.508508,31624.506569,469,469,0.118457,613.862052,8.841784,0.0,0.084,21337145.602
259,none,0,2744.124026,168613.536861,460,460,0.122222,592.546489,8.804275,0.0,0.086,21916124.014
260,none,0,13637.760189,563725.055912,13,13,0.038462,149.009812,1.686942,0.0,0.002,18124154.548
261,dos,1,36974.815407,839296.479572,76,76,0.041558,42.655353,2.427614,0.0,0.03,8635021.83
262,dos,1,2.779539,16.677236,1,1,0.001996,7.3386,-0.0,0.0,0.0,6380695.602
263,dos,1,124.524203,6967.08976,1,1,0.002237,292.405344,-0.0,0.0,0.0,17970877.122
264,dos,1,644.316987,158825.913446,1,1,0.003774,1156.782451,-0.0,0.0,0.0,47186937.468
265,dos,1,19.982415,28883.135417,1,1,0.003968,1166.684273,-0.0,0.0,0.0,45492428.348
266,dos,1,18.388942,25539.508005,1,1,0.004098,1164.986772,-0.0,0.0,0.0,44907726.588
267,dos,1,1025.729514,43611.069319,1,1,0.003922,1150.132913,-0.0,0.0,0.0,46822959.53
268,dos,1,24.313669,34670.090339,1,1,0.004274,1037.174012,-0.0,0.0,0.0,27388840.438
269,dos,1,47.528372,66633.10838,1,1,0.004608,832.920894,-0.0,0.0,0.0,3677732.156
270,dos,1,34.750763,41759.497906,1,1,0.004673,836.302898,-0.0,0.0,0.0,2941485.114
271,dos,1,26.30492,33925.450403,1,1,0.00463,824.291638,-0.0,0.0,0.0,3293523.944
272,dos,1,15.421707,22114.836291,1,1,0.004425,812.864062,-0.0,0.0,0.0,3142933.438
273,dos,1,21.286713,29390.405151,1,1,0.004587,820.43085,-0.0,0.0,0.0,3355571.26
274,dos,1,17595.061689,666050.416264,23,23,0.028846,357.968664,1.387757,0.0,0.004,1503743.318
275,none,0,10100.464,646976.209969,8,8,0.225,98.808144,1.439333,0.0,0.034,10392619.496
276,none,0,2213.169559,270221.503817,417,417,0.16129,571.80672,8.117784,0.0,0.098,20908715.63
277,none,0,18.462848,24724.272587,471,471,0.128947,619.134397,8.849784,0.0,0.096,28045505.918
278,none,0,18.061823,22398.119737,449,449,0.061995,618.340182,8.761784,0.0,0.044,27305705.642
279,dos,1,19305.300498,387059.630569,292,292,0.096698,285.524937,6.47301,0.0,0.08,19327416.688
280,dos,1,163.36262,106257.097607,1,1,0.001996,8.7098,-0.0,0.0,0.0,6112484.664
281,dos,1,3.872627,699.658228,1,1,0.002083,137.246138,-0.0,0.0,0.0,12132302.558
282,dos,1,16.958176,25082.349847,1,1,0.004082,1180.771342,-0.0,0.0,0.0,45107996.09
283,dos,1,17.128888,23874.591941,1,1,0.003774,1153.230135,-0.0,0.0,0.0,49768856.92
284,dos,1,24.456007,35320.867097,1,1,0.004545,1196.880466,-0.0,0.0,0.0,41945028.044
285,dos,1,41.031387,58837.492622,1,1,0.004098,1185.45317,-0.0,0.0,0.0,46232217.74
286,dos,1,3634.680005,493687.997777,1,1,0.004444,1043.296498,-0.0,0.0,0.0,27492738.168
287,dos,1,22.466673,29413.348526,1,1,0.004902,867.39112,-0.0,0.0,0.0,2518519.3
288,dos,1,317.457029,177421.160646,1,1,0.004975,887.363856,-0.0,0.0,0.0,2652321.604
289,dos,1,26.341284,33885.09422,1,1,0.005,882.54548,-0.0,0.0,0.0,2808901.78
290,dos,1,45.202535,57400.936236,1,1,0.004717,850.151238,-0.0,0.0,0.0,3360667.784
291,dos,1,196.857109,74664.25562,1,1,0.004808,858.255167,-0.0,0.0,0.0,2839256.872
292,dos,1,31448.13569,902749.19829,270,270,0.113924,511.159155,6.313762,0.0,0.07,17314672.148
293,none,0,12.875863,16710.439796,453,453,0.080729,563.660095,8.777784,0.0,0.06,25801460.874
294,none,0,25.795523,30664.465331,477,477,0.115385,572.144598,8.873784,0.0,0.088,27808594.088
295,none,0,10.544567,9979.553755,481,481,0.194872,614.621143,8.889784,0.0,0.15,31098084.388
296,dos,1,16757.137796,236326.326067,319,319,0.095,314.075437,7.005179,0.0,0.074,19656897.442
297,dos,1,4.739241,28.435447,1,1,0.001996,7.3674,-0.0,0.0,0.0,5761227.888
298,dos,1,5.469073,32.814439,1,1,0.001996,7.3514,-0.0,0.0,0.0,6880620.184
299,dos,1,139.9542,70123.453592,1,1,0.003717,1110.050174,-0.0,0.0,0.0,47854178.414
300,dos,1,55.493513,79977.631406,1,1,0.004202,1181.863373,-0.0,0.0,0.0,45083123.086
301,dos,1,24.48902,35872.578613,1,1,0.004032,1182.160428,-0.0,0.0,0.0,48145420.778
302,dos,1,81.740035,24059.812386,1,1,0.004098,1156.862885,-0.0,0.0,0.0,47079314.936
303,dos,1,31.750501,43897.636763,1,1,0.004329,1127.504683,-0.0,0.0,0.0,38821711.994
304,dos,1,48.098606,69589.117444,1,1,0.004975,882.547928,-0.0,0.0,0.0,2921791.906
305,dos,1,49.563984,70527.905186,1,1,0.004808,851.585509,-0.0,0.0,0.0,2952558.534
306,dos,1,39.309721,57720.739633,1,1,0.004902,878.270708,-0.0,0.0,0.0,3329189.04
307,dos,1,269.276514,113115.606348,1,1,0.004878,867.811466,-0.0,0.0,0.0,3175464.838
308,dos,1,30.774314,40875.07062,1,1,0.004673,824.005137,-0.0,0.0,0.0,3393156.46
309,dos,1,21023.395089,620318.442085,31,31,0.007143,397.662105,1.565094,0.0,0.0,1669834.148
310,none,0,13760.168219,866013.5004,7,7,0.033333,95.519494,1.201838,0.0,0.002,7061712.43
311,none,0,4061.940908,215011.097856,160,160,0.188312,272.09214,4.110915,0.0,0.056,21160986.802
312,none,0,11.314504,13728.906278,458,458,0.139842,624.576643,8.797784,0.0,0.104,30552273.952
313,none,0,15.22517,17111.112136,460,460,0.254499,598.572686,8.805784,0.0,0.196,27915583.064
314,none,0,13.366633,15514.967063,472,472,0.095,524.433151,8.853784,0.0,0.074,29501147.174
315,dos,1,30622.854282,568599.484598,289,289,0.204793,255.540379,6.189235,0.0,0.186,17086019.348
316,dos,1,6.514589,39.087531,1,1,0.001996,7.3416,-0.0,0.0,0.0,6321468.89
317,dos,1,76.745496,45267.029159,1,1,0.001996,8.7174,-0.0,0.0,0.0,5593234.792
318,dos,1,51.723279,73108.589724,1,1,0.003846,1065.893905,-0.0,0.0,0.0,41033679.882
319,dos,1,57.303941,67084.250372,1,1,0.003802,1147.385071,-0.0,0.0,0.0,50971573.578
320,dos,1,61.160664,88173.947011,1,1,0.003484,1135.276015,-0.0,0.0,0.0,54545788.846
321,dos,1,1381.67471,78532.860498,1,1,0.003876,1171.88887,-0.0,0.0,0.0,49114849.174
322,dos,1,79.87868,91169.89758,1,1,0.003922,1154.48679,-0.0,0.0,0.0,48991243.432
323,dos,1,479.590403,312055.02548,1,1,0.004975,888.445361,-0.0,0.0,0.0,3084819.02
324,dos,1,93.831914,91926.379212,1,1,0.004587,819.376367,-0.0,0.0,0.0,3829813.108
325,dos,1,71.121406,93981.815931,1,1,0.004274,772.632846,-0.0,0.0,0.0,3814893.148
326,dos,1,72.739058,99251.404037,1,1,0.004651,842.978783,-0.0,0.0,0.0,3021251.78
327,dos,1,128.764936,89802.749476,1,1,0.004566,821.071951,-0.0,0.0,0.0,3278095.182
328,dos,1,8091.456135,176979.224312,14,14,0.065657,664.266703,1.178414,0.0,0.024,4705462.06
329,none,0,6934.426139,356434.414935,176,176,0.181818,326.77568,4.732938,0.0,0.066,20866752.738
330,none,0,25.695173,32057.261962,461,461,0.2125,577.19981,8.809784,0.0,0.168,28894733.09
331,none,0,39.507894,53006.01146,481,481,0.2,710.9714,8.889784,0.0,0.132,23812419.946
332,none,0,29.678186,39531.013847,473,473,0.266484,671.281534,8.857784,0.0,0.192,29272392.946
333,dos,1,65570.166412,1206072.601016,173,173,0.061538,81.778844,3.901051,0.0,0.054,7798676.402
334,dos,1,241.929823,37697.796878,1,1,0.002008,16.730356,-0.0,0.0,0.0,5983159.758
335,dos,1,190.194431,68456.252196,1,1,0.002041,114.357037,-0.0,0.0,0.0,13587186.594
336,dos,1,18.134613,26103.591833,1,1,0.003861,1153.361081,-0.0,0.0,0.0,51965361.51
337,dos,1,225.549952,57115.406026,1,1,0.003759,1153.120399,-0.0,0.0,0.0,52037903.822
338,dos,1,11.391732,16497.925705,1,1,0.004237,1188.825511,-0.0,0.0,0.0,46526738.596
339,dos,1,8.291796,11967.097725,1,1,0.004049,1192.367421,-0.0,0.0,0.0,47765472.392
340,dos,1,347.65211,33680.666887,1,1,0.004386,1054.332787,-0.0,0.0,0.0,29932096.556
341,dos,1,17.258383,23354.9613,1,1,0.004651,833.597917,-0.0,0.0,0.0,2918148.022
342,dos,1,76.299963,38671.985767,1,1,0.004545,802.430753,-0.0,0.0,0.0,2765613.458
343,dos,1,13.702832,18273.979919,1,1,0.004545,812.367263,-0.0,0.0,0.0,3085188.168
344,dos,1,15.801599,14109.989598,1,1,0.004717,846.595646,-0.0,0.0,0.0,2740348.134
345,dos,1,22.12829,27699.174859,1,1,0.004695,834.764551,-0.0,0.0,0.0,2684158.028
346,dos,1,26478.647239,1084038.393159,72,72,0.173228,275.480564,2.344379,0.0,0.042,1135094.95
347,none,0,10575.873339,612627.597987,6,6,0.015385,102.422259,1.353515,0.0,0.0,7369078.216
348,none,0,31245.24102,622838.825336,5,5,0.047619,172.713604,1.606098,0.0,0.004,9118704.322
349,none,0,45225.00757,516310.653367,4,4,0.15625,167.138992,1.344834,0.0,0.008,12917757.04
350,none,0,15733.618936,599213.236781,9,9,0.227273,123.292818,1.255988,0.0,0.008,14362845.106
351,none,0,194.929286,23251.674045,226,226,0.063291,433.930757,4.897703,0.0,0.018,14576621.066
352,none,0,11.197891,13983.763679,463,463,0.13388,644.648588,8.817784,0.0,0.096,28619710.714
353,none,0,6.033812,7154.984089,460,460,0.060367,612.424433,8.805784,0.0,0.044,34147056.162
354,none,0,8.338146,9820.288621,458,458,0.176617,593.461067,8.797784,0.0,0.14,34272438.664
355,dos,1,89601.153341,1694612.899195,333,333,0.15443,246.762251,7.024068,0.0,0.12,5624887.036
356,dos,1,30.466688,30399.99826,1,1,0.002688,395.389095,-0.0,0.0,0.0,4222468.258
357,dos,1,239.357906,19811.984858,1,1,0.001996,8.705,-0.0,0.0,0.0,6077788.846
358,dos,1,5.937675,851.442268,1,1,0.002045,72.605641,-0.0,0.0,0.0,9517642.008
359,dos,1,30.125766,43133.466602,1,1,0.004329,1188.482142,-0.0,0.0,0.0,46929734.97
360,dos,1,48.688379,70899.230579,1,1,0.003953,1168.923994,-0.0,0.0,0.0,51307614.482
361,dos,1,37.078952,54604.223099,1,1,0.004274,1177.839583,-0.0,0.0,0.0,46036739.98
362,dos,1,96.210465,94992.340633,1,1,0.003802,705.320104,-0.0,0.0,0.0,3545996.336
363,dos,1,37.447661,48623.189152,1,1,0.004274,782.545138,-0.0,0.0,0.0,3079571.17
364,dos,1,29.993434,40209.976814,1,1,0.004739,832.930975,-0.0,0.0,0.0,2804911.858
365,dos,1,42.472206,59708.738603,1,1,0.004673,823.650978,-0.0,0.0,0.0,2861514.32
366,dos,1,36.606789,51495.848586,1,1,0.004878,850.261153,-0.0,0.0,0.0,2549905.018
367,dos,1,46.82653,64678.454854,1,1,0.004608,825.76541,-0.0,0.0,0.0,2666886.578
368,dos,1,17561.13069,345086.82247,36,36,0.026178,585.342608,1.486815,0.0,0.008,2567141.182
369,none,0,6415.193861,411472.620512,8,8,0.446154,109.111264,1.588805,0.0,0.056,13193311.998
370,none,0,3365.780088,159938.614989,297,297,0.246429,377.753746,6.440558,0.0,0.136,28419744.884
371,none,0,17.039107,19386.056878,487,487,0.116883,586.395196,8.913784,0.0,0.088,27940993.44
372,none,0,45.871375,62373.131978,467,467,0.191214,526.71074,8.833784,0.0,0.146,19290828.008
373,none,0,13482.434143,323869.632275,438,438,0.14121,482.258422,8.712275,0.0,0.096,4708957.172
374,dos,1,61884.862986,765750.044066,161,161,0.053892,9.555633,3.263098,0.0,0.052,3172221.568
375,dos,1,142.293353,48026.171269,1,1,0.001996,8.0153,-0.0,0.0,0.0,7246801.07
376,dos,1,23.419734,29386.281782,1,1,0.002347,220.490464,-0.0,0.0,0.0,6122935.902
377,dos,1,507.043149,126200.397211,1,1,0.003968,736.907013,-0.0,0.0,0.0,3103768.674
378,dos,1,34.224601,47660.218882,1,1,0.003704,674.212664,-0.0,0.0,0.0,3421946.198
379,dos,1,20.014585,27852.709298,1,1,0.004065,763.455282,-0.0,0.0,0.0,3485332.044
380,dos,1,43.057858,55780.125623,1,1,0.003984,740.852976,-0.0,0.0,0.0,2970343.774
381,dos,1,416.319471,70626.515996,1,1,0.004386,792.663791,-0.0,0.0,0.0,3780922.816
382,dos,1,49.187813,72398.034817,1,1,0.00463,841.701566,-0.0,0.0,0.0,3166973.444
383,dos,1,22.481858,29762.419797,1,1,0.004444,802.877652,-0.0,0.0,0.0,3242635.884
384,dos,1,27.98159,34960.363234,1,1,0.004785,861.953278,-0.0,0.0,0.0,2771202.97
385,dos,1,38.929674,55724.592814,1,1,0.004878,876.820582,-0.0,0.0,0.0,2880877.084
386,dos,1,5455.962997,50735.762337,36,36,0.009346,761.167457,0.803933,0.0,0.002,2278492.1
387,none,0,17876.174623,1106068.606803,5,5,0.076923,81.394359,0.577787,0.0,0.002,106990.868
388,none,0,33782.536017,485674.285628,283,283,0.290076,420.267207,6.538573,0.004,0.15,6067387.83
389,none,0,21.560443,24129.450117,487,487,0.143243,455.7223,8.913784,0.0,0.104,4394811.404
390,none,0,8.754148,8073.985525,465,465,0.27551,429.295653,8.825784,0.0,0.214,5132595.644
391,none,0,22.275238,29176.168246,456,456,0.223433,476.310014,8.789784,0.0,0.162,4935438.386
392,dos,1,20815.505275,558730.220694,165,165,0.087227,514.203735,3.462826,0.0,0.054,2820431.556
393,dos,1,53.472658,9037.376399,1,1,0.002165,73.83382,-0.0,0.0,0.0,1816147.94
394,dos,1,113.561651,157083.58967,1,1,0.004808,853.42555,-0.0,0.0,0.0,2278598.768
395,dos,1,19376.978708,740643.403627,57,57,0.245283,142.597559,2.500075,0.0,0.05,9343692.792
396,none,0,7246.771342,330846.229727,299,299,0.158451,265.746665,6.659753,0.0,0.088,8066066.494
397,none,0,63278.410532,1065444.610528,106,106,0.165468,131.623863,3.300556,0.0,0.044,13371481.108
398,none,0,22742.495152,559406.814939,74,74,0.207921,105.971299,2.736782,0.0,0.04,11769326.284
399,none,0,56331.939226,970449.904289,126,126,0.198953,135.220737,3.930337,0.0,0.074,10677071.502
400,none,0,42933.448812,1222152.770604,127,127,0.268156,124.910549,3.896221,0.0,0.094,8176117.654
401,none,0,7862.9718,515586.610301,5,5,0.020408,149.224827,1.374332,0.0,0.0,11836940.212
402,none,0,61316.796285,1910465.901486,91,91,0.229412,119.581329,3.174188,0.0,0.076,9644025.864
403,none,0,32028.672786,761240.792172,82,82,0.195652,129.681118,3.108283,0.0,0.052,15392829.406
404,none,0,84205.468698,1516127.838294,131,131,0.149171,81.129082,3.837787,0.0,0.052,8024562.97
405,none,0,10625.370488,369537.189649,8,8,0.355556,119.313901,1.236234,0.0,0.03,8475567.218
406,none,0,14702.544993,787168.288063,10,10,0.065217,127.29976,1.452313,0.0,0.004,10690740.502
407,none,0,61670.816175,1414868.519285,129,129,0.222222,111.390237,4.020051,0.016,0.078,12023508.854
408,none,0,121385.856664,1908784.271186,202,202,0.193916,81.484785,5.388017,0.0,0.1,7068668.856
409,none,0,29562.171991,1127201.569209,64,64,0.330435,116.194828,2.817888,0.0,0.074,12985784.17
410,none,0,27535.065525,1577925.85249,58,58,0.083333,111.828986,2.682443,0.0,0.012,15726887.04
411,none,0,40994.981343,931594.411642,101,101,0.066265,119.050902,3.324327,0.0,0.02,7930158.934
412,none,0,6994.325779,381395.351874,3,3,0.027778,120.958404,0.828084,0.0,0.0,2035793.496
413,none,0,609.238671,9277.16859,7,7,0.014184,231.330347,1.147482,0.0,0.002,15256979.684
414,none,0,75586.246915,814654.149792,192,192,0.140909,69.760216,4.495529,0.0,0.06,6324640.234
415,none,0,42052.542307,729323.186931,97,97,0.164251,102.62981,3.140258,0.0,0.066,10212832.52
416,none,0,20554.926737,764637.309471,18,18,0.29703,108.256118,1.696334,0.0,0.058,12936086.198
417,none,0,27279.423063,745345.699936,65,65,0.055556,133.966644,2.621407,0.0,0.016,9707481.948
418,none,0,78110.226906,1226488.336958,137,137,0.203883,122.506261,4.088446,0.0,0.082,14234573.53
419,none,0,79703.12033,2256448.092864,151,151,0.311881,81.573763,4.296025,0.0,0.124,5882576.262
420,none,0,38467.078252,1029802.547674,68,68,0.130435,138.218713,2.672008,0.0,0.022,18015151.478
421,none,0,36948.17945,1103143.289345,71,71,0.071429,118.013825,3.008197,0.0,0.018,9134914.094
422,none,0,55262.889375,1641123.38637,102,102,0.333333,95.469751,3.582677,0.002,0.096,10812946.41
423,none,0,10333.371212,664509.242912,4,4,0.166667,141.50526,0.947595,0.0,0.0,12063728.702
424,none,0,25591.324868,839203.363688,49,49,0.216667,147.196114,2.179968,0.002,0.024,15402669.138
425,none,0,27705.295806,665632.51663,46,46,0.131868,112.948265,2.02489,0.0,0.022,14835019.534
426,none,0,13004.254094,599461.856425,7,7,0.033333,144.030617,1.476467,0.0,0.002,9892439.126
427,none,0,71400.493087,1357053.153442,156,156,0.274882,95.297073,4.286295,0.0,0.114,7628505.554
428,none,0,67279.649792,829572.275656,150,150,0.172414,113.16116,4.184336,0.0,0.068,10547187.734
429,none,0,59869.637178,1305440.499378,73,73,0.233871,128.959407,2.95207,0.0,0.056,4082052.504
430,none,0,47895.414248,1236628.851893,97,97,0.21374,113.426589,3.304481,0.0,0.054,12472128.574
431,none,0,11259.736054,932317.493192,13,13,0.166667,157.718769,1.519005,0.0,0.004,13151592.486
432,none,0,76176.492127,1986577.128405,132,132,0.126214,97.050297,4.35734,0.0,0.05,7028983.536
433,none,0,42562.559982,707012.490732,106,106,0.134228,124.847652,3.418551,0.0,0.038,8072619.978
434,none,0,52298.990787,1224800.711,99,99,0.227586,97.503038,3.421858,0.004,0.064,9726792.216
435,none,0,5347.064862,225658.300207,6,6,0.138298,155.362957,1.642303,0.0,0.024,12362156.782
436,none,0,61808.176096,871263.101227,129,129,0.188679,114.563712,3.962554,0.0,0.078,8210613.332
437,none,0,19415.451588,913456.127078,52,52,0.066667,139.04191,2.446322,0.0,0.016,9149117.068
438,none,0,23874.350618,763695.176754,40,40,0.121495,144.045334,2.1533,0.0,0.024,11935114.76
439,none,0,11888.723851,544864.186661,9,9,0.105263,129.070399,1.406869,0.002,0.01,12592133.296
440,none,0,53694.163623,664481.143875,130,130,0.104803,116.503408,3.921743,0.0,0.046,12996311.674
441,none,0,54853.093725,2618100.971122,97,97,0.344371,127.272371,3.171269,0.0,0.102,14015781.222
442,none,0,13440.607432,402975.665015,6,6,0.046154,185.853884,1.390012,0.0,0.004,8685083.414
443,none,0,72889.425787,1019682.331574,151,151,0.129771,75.732415,4.27465,0.0,0.066,9672820.842
444,none,0,52185.852635,1376661.188637,89,89,0.27907,94.002869,3.182666,0.002,0.094,8418011.376
445,none,0,43477.330802,1034951.953369,102,102,0.375,158.700217,3.340427,0.0,0.082,25122214.614
446,none,0,22269.78937,1089566.127882,17,17,0.156522,138.617257,1.961871,0.0,0.034,11712824.806
447,none,0,40588.409265,711780.302434,78,78,0.137405,127.736326,2.776131,0.0,0.034,12950922.724
448,none,0,77361.455765,1480259.486808,147,147,0.168421,69.126169,3.918645,0.0,0.062,7074380.738
449,none,0,5935.624361,180248.203047,12,12,0.016949,151.635111,1.768465,0.0,0.002,13903820.962
450,none,0,88103.754588,1220373.855784,159,159,0.213235,74.158967,4.840653,0.01,0.114,3264659.408
451,none,0,58647.456751,1167817.913472,93,93,0.15,63.000879,4.909727,0.0,0.080569,1098840.454976
